Store_ID,State,City,Location_Type,Population_Density,Number_of_Competitors,Average_Income_per_capita,Weather_Conditions,Store_Size,Parking_Space,Opening_Date,Sales
0,MD,Laurel,Rural,4421,8,85246,Cold,1994,22,06-10-2020,292504.0204
1,MI,Lansing,Urban,1003,6,72018,Cold,1006,50,07-06-2021,349046.7914
2,NY,Albany,Urban,21636,2,87882,Hot,2112,49,13-08-2024,387145.6673
3,MI,Detroit,Urban,6186,9,91333,Moderate,1162,98,20-02-2021,366571.7988
4,NC,High Point,Rural,29822,6,93144,Moderate,1495,32,17-09-2022,344911.7095
5,MO,Independence,Urban,1605,1,96860,Cold,1701,63,26-03-2021,339285.5357
6,GA,Albany,Rural,7970,2,64646,Hot,2511,87,07-05-2024,375705.2687
7,TN,Clarksville,Rural,24241,1,80916,Moderate,2445,77,20-05-2022,362291.2811
8,FL,Gainesville,Urban,17821,3,59800,Hot,1104,54,13-03-2021,367056.6879
9,WA,Olympia,Urban,24488,7,58091,Moderate,1863,41,22-01-2021,360674.6785
10,AZ,Glendale,Urban,12381,2,67275,Hot,1494,56,09-09-2023,361361.4901
11,CA,Oakland,Urban,17305,5,99501,Hot,1901,58,15-02-2021,385884.9863
12,NC,Burlington,Rural,3338,3,95768,Cold,2580,70,16-12-2021,343201.2398
13,WI,Waukesha,Urban,23007,4,82092,Hot,2864,77,23-09-2021,408282.2025
14,WI,Oshkosh,Urban,1189,1,78860,Moderate,2298,66,06-02-2023,382455.7955
15,GA,Marietta,Rural,22069,2,96888,Moderate,1991,36,30-05-2020,345537.1109
16,PA,Reading,Urban,29670,0,61965,Moderate,1279,66,04-06-2024,356845.154
17,GA,Augusta,Rural,24280,7,76986,Moderate,1397,91,03-06-2023,315720.831
18,MD,Columbia,Rural,26084,7,70353,Hot,2433,28,12-01-2022,349511.964
19,MO,Lee's Summit,Rural,20892,0,62579,Moderate,2392,53,19-03-2023,330432.741
20,GA,Albany,Rural,11533,0,70354,Moderate,1879,52,13-05-2023,343233.1561
21,GA,Macon,Urban,1640,6,53267,Moderate,1439,26,02-04-2021,384292.0774
22,MD,Hagerstown,Urban,7238,5,56962,Moderate,2669,85,29-10-2020,388524.8172
23,MI,Warren,Urban,14972,2,76754,Moderate,2212,36,05-05-2023,396775.4304
24,NY,Saratoga Springs,Rural,14678,2,64296,Cold,2294,59,31-01-2023,326834.7163
25,TX,Plano,Urban,25298,7,90751,Hot,2525,45,21-07-2021,382896.1083
26,IL,Naperville,Urban,15393,0,58510,Moderate,2412,77,08-03-2023,391103.5114
27,MA,Quincy,Rural,21684,9,57398,Hot,1251,72,19-06-2023,335791.508
28,TN,Hendersonville,Rural,20677,7,72853,Cold,2350,68,24-07-2022,329192.9866
29,NY,Yonkers,Rural,14389,4,58940,Hot,1467,89,26-10-2021,325892.3244
30,GA,Marietta,Rural,9579,3,74908,Moderate,2678,24,25-05-2024,328033.9616
31,CA,Sacramento,Rural,2558,6,77245,Cold,1496,44,02-05-2020,281594.7828
32,MO,Columbia,Rural,19602,4,97049,Cold,1577,74,08-01-2020,301248.1896
33,AZ,Mesa,Rural,25097,3,93528,Hot,1731,24,09-08-2020,336629.5481
34,FL,St. Petersburg,Urban,25433,4,66553,Hot,2154,26,18-10-2020,385352.4583
35,GA,Macon,Urban,17681,9,72726,Moderate,2730,77,28-12-2021,391061.0732
36,MO,O'Fallon,Urban,24947,7,71588,Cold,2056,84,30-05-2024,371971.348
37,TN,Hendersonville,Urban,17415,4,54743,Hot,1721,93,10-07-2024,351576.9211
38,PA,Harrisburg,Rural,12808,3,69099,Cold,2913,71,14-01-2023,345219.9786
39,IL,Elgin,Urban,4098,9,80670,Hot,2428,27,14-12-2021,393400.1434
40,MO,Springfield,Urban,11598,0,82818,Cold,1027,97,28-06-2021,377695.2941
41,WA,Everett,Urban,2289,3,94659,Moderate,2297,26,23-05-2022,379892.0335
42,MO,Kansas City,Urban,20878,1,76030,Cold,1238,78,27-10-2023,372575.8809
43,MD,Hagerstown,Urban,18984,5,98955,Moderate,2288,89,30-07-2024,420642.141
44,WI,Milwaukee,Urban,15792,1,95726,Cold,2939,24,12-06-2024,382561.7711
45,WI,Madison,Urban,25943,9,70833,Hot,1557,46,13-01-2020,387915.8305
46,FL,Gainesville,Urban,21447,4,65767,Cold,1852,68,04-02-2023,376131.3919
47,NJ,Camden,Urban,14882,1,74649,Cold,1448,99,26-03-2020,340234.5081
48,NY,Albany,Urban,13707,0,56955,Hot,1151,58,07-03-2020,364932.2136
49,VA,Lynchburg,Urban,26927,8,53407,Cold,2442,66,17-04-2023,398332.0063
50,MA,Quincy,Urban,6869,5,73584,Hot,1440,81,17-01-2021,364226.8843
51,MD,Bowie,Rural,24589,0,67027,Cold,1640,67,11-06-2024,309096.0886
52,NC,Greensboro,Rural,1044,7,56486,Moderate,2036,74,23-03-2023,331444.0373
53,MA,Fall River,Urban,28914,5,55999,Cold,1332,26,05-06-2020,363854.6255
54,WA,Vancouver,Urban,3379,4,91371,Cold,1851,23,16-01-2020,354567.7171
55,GA,Macon,Rural,5560,3,93673,Cold,1514,34,17-01-2022,307912.0477
56,WA,Renton,Urban,11163,9,69830,Cold,1422,40,02-04-2020,329598.2788
57,FL,Hialeah,Rural,24385,6,60090,Hot,1979,74,30-01-2023,353047.9504
58,PA,Bethlehem,Rural,1278,7,79249,Hot,2529,27,06-10-2022,339891.7129
59,IL,Springfield,Rural,13514,6,64826,Hot,2131,90,14-07-2022,347792.5524
60,TN,Jackson,Rural,24839,1,82731,Moderate,1952,40,09-08-2023,332271.8539
61,MI,Flint,Urban,12649,8,75511,Hot,2177,56,15-01-2021,383489.11
62,NC,High Point,Urban,13511,0,69249,Hot,1802,74,11-05-2024,393174.2227
63,MD,Frederick,Rural,17612,7,71095,Moderate,1139,66,01-01-2022,312603.7369
64,MA,Lynn,Urban,13466,7,67969,Moderate,2661,73,29-04-2023,380768.9964
65,MI,Dearborn,Urban,14357,5,73943,Moderate,1390,48,25-04-2022,372074.9454
66,MD,Frederick,Urban,21288,6,92053,Hot,2501,55,29-06-2022,427937.1269
67,WA,Tacoma,Urban,9892,1,72407,Moderate,2396,58,04-05-2024,393006.3267
68,VA,Hampton,Rural,20712,4,55361,Hot,1686,25,25-05-2022,331202.998
69,WA,Vancouver,Urban,18108,4,58299,Moderate,2607,31,17-10-2023,385356.6758
70,GA,Albany,Rural,16861,7,66521,Cold,2042,27,11-04-2021,298138.533
71,NC,Burlington,Urban,14201,2,81871,Moderate,2726,99,26-06-2020,430021.105
72,IL,Naperville,Rural,17814,2,68227,Moderate,2262,29,01-07-2024,324932.7949
73,CA,Riverside,Urban,25080,3,87181,Cold,2111,62,08-01-2020,359811.4078
74,WA,Bellingham,Rural,27646,1,96726,Cold,1169,88,30-12-2022,303354.5336
75,WA,Spokane,Urban,23585,1,67312,Moderate,1527,33,10-10-2021,406868.7092
76,MO,St. Louis,Urban,1507,9,60391,Moderate,1451,60,31-10-2022,345302.49
77,NC,Fayetteville,Rural,10416,0,96892,Moderate,1251,73,05-11-2020,341839.2065
78,MD,Rockville,Rural,14671,2,54325,Moderate,1581,34,29-06-2022,318567.1036
79,NJ,Hamilton,Rural,22498,3,94289,Hot,2624,85,04-05-2020,367464.4492
80,PA,Harrisburg,Urban,29840,4,65754,Cold,1326,96,01-10-2021,384760.0642
81,NC,Raleigh,Rural,10900,5,73222,Moderate,1252,61,22-06-2023,337262.7979
82,IL,Bloomington,Urban,26289,9,59323,Cold,2725,61,16-06-2021,372870.2643
83,MO,Cape Girardeau,Rural,7956,2,87717,Hot,2404,87,22-06-2024,349593.2155
84,CA,Sacramento,Rural,6325,2,53140,Cold,1308,70,21-02-2021,308614.9524
85,NC,Gastonia,Urban,25549,8,73902,Moderate,2685,78,03-06-2022,400678.5142
86,NC,Charlotte,Rural,18149,9,98418,Moderate,2305,58,25-01-2023,332535.1291
87,GA,Sandy Springs,Urban,10142,5,71908,Hot,1447,41,22-03-2021,374702.4037
88,WI,Kenosha,Rural,4642,0,83033,Cold,2392,75,23-04-2021,340230.9722
89,TN,Bartlett,Rural,27001,5,66091,Moderate,1773,95,12-05-2020,356320.1092
90,MO,Columbia,Urban,23957,0,65884,Hot,2378,68,10-01-2021,410607.4198
91,IL,Waukegan,Urban,26643,4,99377,Moderate,1242,64,04-08-2021,383259.4062
92,PA,Bethlehem,Rural,14752,9,90642,Moderate,1541,81,22-06-2022,338033.9553
93,VA,Charlottesville,Rural,15285,5,91581,Cold,1597,20,02-12-2022,309868.6316
94,TN,Nashville,Rural,13172,4,80188,Moderate,1381,82,21-10-2020,323700.2044
95,WA,Olympia,Rural,26590,0,69020,Hot,1434,67,20-12-2021,355502.7947
96,OH,Toledo,Rural,5932,1,92212,Hot,1546,76,06-01-2022,330242.9959
97,TN,Chattanooga,Rural,3383,8,53118,Moderate,2289,74,23-10-2023,346446.9999
98,WA,Vancouver,Rural,2425,3,86242,Cold,1457,95,09-11-2022,331389.0701
99,PA,Erie,Urban,25820,2,50293,Moderate,1270,31,06-02-2021,387448.1447
100,WI,Waukesha,Rural,26318,8,76066,Moderate,2363,75,15-02-2020,357049.565
101,IL,Bloomington,Urban,7467,7,77104,Moderate,1023,35,04-01-2023,352744.3766
102,CA,Sacramento,Urban,3004,5,74615,Moderate,1144,71,19-06-2023,345226.643
103,GA,Atlanta,Rural,662,6,84034,Hot,1525,34,21-04-2024,296838.5469
104,VA,Chesapeake,Rural,12447,6,70869,Moderate,1328,94,18-07-2021,348011.4394
105,TN,Nashville,Urban,2809,9,92892,Cold,1909,49,28-01-2023,359850.7707
106,CA,Long Beach,Urban,638,3,52434,Hot,2611,44,06-06-2022,380127.4118
107,TX,Plano,Urban,15707,8,95545,Cold,2828,31,07-02-2022,372586.282
108,GA,Columbus,Urban,11228,2,63337,Hot,1997,77,03-06-2023,390304.6506
109,MA,Cambridge,Rural,25744,1,91526,Cold,1575,48,25-10-2021,315920.4738
110,OH,Parma,Rural,29281,6,90787,Hot,1869,62,04-06-2022,344871.7372
111,CA,San Diego,Urban,22239,9,80996,Cold,2947,46,27-03-2022,366836.1969
112,AZ,Gilbert,Rural,20442,6,95616,Hot,1216,55,23-07-2020,339900.9237
113,VA,Norfolk,Urban,2229,4,62224,Cold,1731,23,27-09-2022,339382.8529
114,GA,Columbus,Rural,25724,2,81188,Moderate,1903,47,18-05-2022,339360.6581
115,MI,Lansing,Rural,4483,9,97839,Hot,1874,66,20-12-2020,308243.5504
116,IL,Waukegan,Urban,17656,4,90955,Hot,1782,90,06-03-2024,380564.3039
117,WI,Appleton,Urban,15272,9,65646,Cold,2877,81,20-02-2022,377668.4778
118,IN,Indianapolis,Rural,8816,7,79748,Cold,1141,61,18-03-2023,306407.2731
119,NC,Gastonia,Rural,9290,2,53131,Hot,2356,50,18-12-2020,337208.9601
120,NC,Durham,Urban,20523,6,80470,Cold,1221,80,09-07-2024,353024.4135
121,IL,Naperville,Urban,18358,8,76390,Hot,1410,57,06-06-2024,385068.5807
122,FL,Tampa,Rural,2295,2,77397,Hot,1291,24,07-11-2021,296183.7421
123,NC,Durham,Rural,15664,0,96987,Cold,2812,61,05-10-2022,343702.4575
124,WA,Vancouver,Rural,26246,6,94406,Cold,1524,25,08-11-2021,311546.7656
125,MD,Silver Spring,Rural,14453,9,51064,Hot,2274,36,16-12-2021,327420.475
126,MD,Silver Spring,Rural,13182,8,99457,Hot,1486,55,02-04-2021,318369.3342
127,CA,Fresno,Urban,22230,3,79004,Moderate,2778,45,13-07-2023,399177.583
128,CA,San Francisco,Urban,11298,7,87085,Moderate,1093,59,05-01-2023,370720.7185
129,NY,New York City,Rural,2565,8,80597,Hot,1097,78,13-01-2021,334262.2048
130,VA,Hampton,Urban,26914,0,73258,Cold,2149,27,22-05-2022,353674.9881
131,NY,Syracuse,Urban,13484,6,99853,Moderate,2123,47,19-08-2020,369935.4724
132,TX,Dallas,Urban,10315,3,81720,Hot,1360,74,03-02-2020,352760.2952
133,NY,Yonkers,Rural,4005,9,52485,Hot,1403,61,05-03-2024,307974.828
134,PA,Bethlehem,Urban,1574,8,83395,Hot,1246,78,26-05-2023,373838.6903
135,NC,Durham,Urban,24657,6,93048,Hot,2922,25,07-07-2021,391162.8515
136,TN,Johnson City,Rural,22615,4,79108,Hot,2800,36,19-05-2022,334784.2096
137,IN,Fishers,Rural,3848,0,52279,Hot,2286,50,04-03-2022,322406.2484
138,NC,High Point,Rural,15000,7,67394,Hot,2069,99,26-08-2021,357550.7642
139,NY,New York City,Rural,24502,1,69133,Moderate,2805,60,19-01-2024,347093.6469
140,NC,Durham,Rural,19847,1,84264,Hot,1243,99,25-08-2020,344669.1488
141,NC,Winston-Salem,Urban,23918,0,60696,Hot,2213,98,08-04-2021,405570.262
142,TN,Memphis,Rural,13161,2,77111,Cold,2734,43,22-06-2021,330137.0009
143,WI,Eau Claire,Rural,4725,8,54044,Moderate,2862,65,17-02-2020,330743.3488
144,IN,South Bend,Urban,1430,7,90079,Hot,2311,41,13-08-2023,384717.3139
145,TN,Bartlett,Urban,13177,5,51851,Hot,2604,82,17-07-2021,379828.5956
146,IN,Fort Wayne,Urban,17088,9,94552,Moderate,1033,36,19-04-2022,373424.1087
147,AZ,Flagstaff,Rural,20027,1,60091,Hot,1836,33,21-07-2023,333113.0845
148,MD,Gaithersburg,Urban,11977,1,96093,Cold,1033,66,29-04-2023,355100.962
149,TX,Houston,Rural,582,5,79125,Moderate,1563,92,16-12-2020,336083.7517
150,CA,Oakland,Rural,19931,0,68079,Cold,1612,25,06-04-2021,304017.7591
151,NC,High Point,Rural,24510,3,55899,Cold,2539,52,23-08-2021,338759.309
152,AZ,Gilbert,Rural,8239,9,84025,Cold,2413,80,17-07-2021,311619.7334
153,WA,Renton,Urban,14458,7,54076,Moderate,2382,61,14-07-2023,395492.7763
154,IL,Bloomington,Urban,943,4,74494,Cold,2124,89,10-06-2024,357588.5396
155,OH,Canton,Rural,20136,7,55387,Hot,2479,36,27-11-2021,317453.7639
156,AZ,Mesa,Urban,15025,3,91077,Cold,2599,66,17-03-2024,374240.5069
157,TN,Johnson City,Urban,15623,6,63179,Cold,2929,94,18-08-2020,385472.345
158,TN,Johnson City,Rural,12100,7,94621,Moderate,2124,24,15-10-2023,323095.7685
159,PA,Erie,Rural,19144,3,65283,Cold,2216,38,23-09-2020,309077.083
160,PA,Lancaster,Urban,6732,0,97691,Moderate,2830,76,15-05-2023,393744.3954
161,PA,Scranton,Rural,11893,0,59281,Cold,1018,63,31-05-2021,297879.2751
162,MO,O'Fallon,Urban,21984,9,55617,Moderate,1623,65,31-07-2021,364423.7745
163,NY,Yonkers,Urban,11499,1,56617,Hot,2999,31,08-08-2024,381980.5497
164,NJ,Edison,Urban,20785,8,68821,Moderate,1186,22,02-11-2022,366647.8441
165,WA,Vancouver,Rural,13198,9,64173,Cold,1082,30,22-03-2022,295691.8499
166,FL,Hialeah,Urban,17044,0,96740,Moderate,2870,26,05-10-2022,402468.1241
167,FL,Gainesville,Rural,13345,7,55295,Moderate,2214,21,06-11-2022,318781.7435
168,WA,Spokane,Urban,21224,6,68192,Moderate,2366,70,06-04-2023,409376.2197
169,FL,Palm Bay,Rural,12026,1,71044,Cold,2973,81,01-04-2020,340132.4334
170,MO,Cape Girardeau,Rural,13354,9,76915,Moderate,1416,32,26-10-2021,302256.0735
171,IN,Fort Wayne,Urban,26548,6,88167,Cold,2594,51,30-08-2022,375425.6975
172,NJ,Jersey City,Urban,16455,8,59256,Hot,1343,56,20-01-2021,359094.817
173,AZ,Peoria,Urban,2972,2,84509,Cold,1259,71,05-07-2020,377931.544
174,WI,Madison,Urban,10789,2,87060,Hot,2046,29,26-11-2023,378945.6081
175,TX,Houston,Urban,13601,5,82420,Moderate,1824,85,01-01-2021,384037.3041
176,TN,Bartlett,Urban,19847,0,75218,Moderate,2105,95,02-03-2024,393783.3547
177,AZ,Glendale,Urban,7580,9,52978,Hot,2400,40,27-02-2024,364855.9298
178,TX,Lubbock,Rural,9025,7,61047,Cold,1035,32,02-01-2021,282657.5641
179,WA,Everett,Urban,11756,9,57074,Hot,1026,25,07-09-2021,346916.902
180,VA,Lynchburg,Rural,21357,8,80531,Cold,2059,88,02-11-2023,316579.9091
181,AZ,Chandler,Urban,27212,9,51315,Moderate,2929,80,23-02-2024,417342.6433
182,WI,Appleton,Urban,12347,2,61948,Cold,1158,96,12-06-2022,363671.3057
183,CA,Riverside,Urban,11294,6,99410,Moderate,2858,36,05-02-2020,403075.6378
184,IL,Naperville,Rural,22475,5,91944,Hot,2586,94,30-06-2024,377416.1419
185,NJ,Paterson,Rural,1403,6,95636,Hot,1832,76,25-03-2022,320540.2354
186,TN,Memphis,Rural,26327,5,59432,Moderate,1458,53,25-11-2022,319922.8234
187,TN,Johnson City,Rural,8372,0,94572,Moderate,2675,97,29-04-2022,356063.9576
188,MD,Columbia,Rural,17367,5,51356,Cold,2394,38,08-08-2021,326244.2621
189,TX,Arlington,Urban,10590,5,94206,Moderate,1845,53,14-06-2022,354012.8855
190,NC,Fayetteville,Rural,3505,7,81494,Cold,2515,53,30-04-2024,323025.6284
191,VA,Newport News,Rural,2084,8,55868,Cold,1502,51,12-07-2024,297205.9242
192,GA,Sandy Springs,Rural,19793,4,52635,Moderate,1722,53,07-12-2021,331670.1969
193,FL,St. Petersburg,Rural,11868,2,79629,Moderate,2267,31,05-06-2021,339266.8222
194,NC,Cary,Rural,7127,7,75074,Cold,2928,72,10-05-2024,347069.5563
195,NY,Ithaca,Rural,3938,5,87268,Hot,1544,27,14-10-2023,323583.8185
196,WA,Bellingham,Urban,11979,1,59532,Moderate,1436,74,03-04-2023,382165.1181
197,MO,Jefferson City,Urban,18342,8,96364,Hot,2365,47,26-10-2020,397717.6746
198,TX,Corpus Christi,Urban,7142,0,83170,Hot,1936,72,20-08-2022,389213.4884
199,NJ,Elizabeth,Urban,23729,9,75159,Cold,1181,34,29-11-2023,352110.3689
200,MO,St. Joseph,Urban,2318,7,91950,Cold,2964,86,20-12-2021,373265.979
201,WI,Oshkosh,Rural,29556,3,59084,Moderate,2525,68,19-01-2022,348555.1069
202,IL,Peoria,Urban,13644,0,86147,Moderate,1675,43,07-07-2024,384646.1454
203,TX,Corpus Christi,Rural,13496,4,95903,Cold,2041,94,23-07-2022,323746.6547
204,NJ,Trenton,Urban,18816,2,80093,Moderate,2713,71,04-01-2022,393955.6126
205,OH,Akron,Rural,24974,7,98522,Hot,2709,76,18-08-2023,358947.6267
206,MA,Boston,Urban,22893,4,88306,Moderate,2768,71,17-07-2021,413696.4745
207,VA,Richmond,Rural,22330,1,81803,Cold,1367,65,23-04-2021,300808.0781
208,WA,Olympia,Urban,28781,6,54553,Hot,1837,71,02-02-2024,380110.6556
209,NJ,Hamilton,Rural,15671,7,78781,Cold,2301,53,25-02-2021,335194.1099
210,WA,Renton,Urban,13994,6,87476,Hot,1559,27,31-03-2023,375589.5097
211,TN,Knoxville,Urban,26470,9,51102,Cold,2399,40,12-06-2024,371157.0198
212,WI,Madison,Urban,21057,6,98011,Moderate,1102,69,13-01-2021,377693.1273
213,MD,Bowie,Urban,5666,1,95633,Moderate,1082,28,02-11-2022,355204.64
214,FL,Palm Bay,Urban,27657,8,71031,Moderate,2396,32,23-07-2021,382333.6341
215,CA,Oakland,Urban,24602,0,71501,Cold,1547,50,15-10-2023,344648.4413
216,IL,Springfield,Rural,27549,3,63141,Moderate,1040,55,20-06-2023,312437.4821
217,GA,Augusta,Urban,16637,5,50695,Cold,2989,32,31-08-2020,369807.4536
218,OH,Parma,Urban,13798,3,78668,Cold,2783,92,07-03-2021,385515.9524
219,NC,Greensboro,Urban,21792,8,98423,Moderate,1445,29,07-09-2020,375817.6018
220,AZ,Mesa,Urban,16589,4,79687,Hot,1326,33,25-03-2021,386563.6512
221,MO,Lee's Summit,Urban,9297,0,97703,Cold,2264,45,14-03-2022,395258.9394
222,NY,Syracuse,Rural,13763,2,56408,Cold,1472,69,12-06-2021,295783.0431
223,FL,Jacksonville,Urban,12272,4,77136,Moderate,1161,97,05-09-2022,400407.254
224,CA,San Jose,Rural,7819,4,79586,Moderate,1197,49,19-04-2023,316642.155
225,VA,Chesapeake,Rural,3670,1,96581,Hot,2969,92,08-09-2024,376969.5104
226,VA,Richmond,Rural,16476,5,70586,Hot,2692,97,20-03-2021,342924.2867
227,AZ,Flagstaff,Urban,9132,3,96329,Hot,2473,67,31-12-2023,392126.567
228,NJ,Newark,Urban,7620,9,76567,Cold,1831,94,08-04-2020,342151.8597
229,WA,Renton,Urban,4920,7,74050,Hot,2119,68,15-06-2022,392393.9359
230,CA,San Diego,Rural,3349,3,74857,Hot,2519,22,31-07-2020,334609.7698
231,MA,Brockton,Urban,16168,9,71263,Moderate,1430,64,21-07-2022,354374.2085
232,IL,Chicago,Rural,2269,6,70207,Moderate,2081,72,21-08-2022,317956.7011
233,VA,Charlottesville,Urban,3395,0,94320,Hot,2477,96,09-11-2022,425582.9273
234,FL,Miami,Rural,20853,3,71767,Cold,2526,80,02-11-2020,333805.2892
235,MI,Kalamazoo,Urban,15750,4,82136,Moderate,2522,51,07-05-2020,407400.5147
236,NY,Yonkers,Urban,27705,6,64572,Hot,2758,69,10-07-2020,420052.2594
237,FL,St. Petersburg,Rural,3737,4,56452,Hot,1680,71,05-01-2021,321760.1619
238,FL,Orlando,Urban,6771,8,62306,Hot,1900,89,02-08-2020,391773.6762
239,MO,St. Louis,Urban,13701,6,66647,Cold,2639,90,20-03-2023,371424.4009
240,TN,Clarksville,Urban,6644,4,55320,Cold,2925,20,28-04-2020,351460.0835
241,MD,Baltimore,Urban,18396,8,95977,Cold,2606,51,28-04-2020,361774.0732
242,CA,Sacramento,Urban,8030,0,91863,Cold,1756,58,05-07-2023,343148.5235
243,TN,Chattanooga,Urban,7971,0,98146,Hot,1826,94,25-03-2024,370839.3052
244,CA,San Jose,Rural,27314,6,58070,Cold,1638,33,16-03-2021,309612.604
245,MA,New Bedford,Rural,7296,7,66418,Hot,2961,51,15-06-2021,334052.1571
246,IL,Joliet,Rural,15078,9,58937,Hot,1428,84,14-12-2022,340650.1611
247,MI,Ann Arbor,Urban,4119,2,65275,Hot,1346,34,07-02-2024,362982.969
248,IL,Bloomington,Rural,14249,6,76428,Cold,1167,81,17-04-2021,318307.5645
249,VA,Norfolk,Rural,18393,6,75439,Cold,2430,78,30-04-2020,337300.5196
250,TN,Johnson City,Urban,22226,3,77804,Hot,2141,52,10-10-2021,409656.0294
251,NJ,Jersey City,Urban,17946,6,92191,Hot,2401,85,30-12-2023,398541.6147
252,TN,Memphis,Urban,17179,1,92229,Moderate,1553,65,01-02-2022,365394.2636
253,PA,Harrisburg,Rural,12984,6,66818,Cold,2139,39,28-12-2021,309523.4297
254,AZ,Tempe,Urban,10963,0,83537,Cold,1095,37,28-04-2021,343026.5883
255,WI,Eau Claire,Rural,8141,5,67369,Hot,1326,59,22-05-2022,295400.6027
256,TX,Austin,Urban,19210,4,57168,Hot,2614,78,19-03-2023,394530.5893
257,NJ,Paterson,Urban,7630,4,89740,Cold,2162,95,15-06-2022,350507.3316
258,NY,New Rochelle,Urban,14860,6,79618,Moderate,1832,80,03-02-2024,396017.3522
259,CA,San Diego,Urban,2454,5,71503,Moderate,2510,24,02-07-2023,387101.7817
260,VA,Lynchburg,Rural,21070,4,80433,Hot,2505,67,10-06-2021,351301.5368
261,FL,Hialeah,Rural,28456,1,63559,Cold,1003,26,13-04-2023,294915.3355
262,IN,South Bend,Rural,20276,5,98726,Moderate,2534,65,18-04-2021,351715.2668
263,WA,Tacoma,Rural,11169,7,99954,Moderate,2127,33,23-05-2023,311906.8697
264,MA,New Bedford,Rural,25646,5,60031,Hot,2408,80,30-11-2021,360803.3445
265,NC,Fayetteville,Rural,6850,5,81916,Cold,2166,45,17-09-2023,315928.3357
266,NC,Burlington,Rural,17322,8,62725,Cold,2475,57,30-10-2020,335735.8359
267,MI,Ann Arbor,Urban,10505,3,70592,Cold,2543,55,10-09-2024,344968.5264
268,PA,Lancaster,Rural,4478,3,85125,Hot,1413,55,24-02-2024,326133.311
269,IL,Chicago,Urban,21698,1,69814,Hot,1031,83,25-02-2024,400897.5039
270,NC,Cary,Rural,9738,7,57354,Cold,1372,83,18-02-2024,279303.4369
271,GA,Augusta,Urban,24306,2,54690,Hot,1359,63,25-02-2020,372272.1305
272,NJ,Toms River,Urban,7377,7,74552,Moderate,1050,27,20-11-2023,351009.6748
273,WA,Everett,Urban,16712,3,66617,Hot,2853,69,06-02-2021,423646.5607
274,GA,Macon,Rural,28354,0,53863,Hot,2089,36,08-11-2020,356447.0218
275,GA,Athens,Urban,21019,0,69093,Moderate,2333,96,08-10-2022,426994.6005
276,WA,Olympia,Urban,1868,5,88304,Cold,2807,43,18-09-2023,358020.2887
277,NJ,Jersey City,Urban,28719,3,53935,Moderate,1019,58,22-02-2020,364584.1773
278,WI,Waukesha,Urban,5565,9,72475,Moderate,2288,64,13-07-2024,366978.6038
279,MD,Silver Spring,Urban,1714,3,71897,Hot,1635,64,24-07-2024,369944.3122
280,WI,Sheboygan,Urban,14890,1,53648,Hot,2692,21,01-02-2020,366259.6363
281,OH,Toledo,Urban,26396,2,99576,Hot,2802,86,04-09-2022,424338.2021
282,CA,Riverside,Rural,23666,8,90265,Moderate,1414,97,05-07-2021,336805.3266
283,NJ,Edison,Rural,18628,6,96096,Cold,1392,40,14-04-2020,294133.0611
284,MI,Battle Creek,Urban,21800,1,59687,Hot,1535,96,09-01-2020,373263.7726
285,WA,Kent,Urban,2425,9,70367,Hot,2906,32,30-07-2023,377869.0421
286,MI,Flint,Rural,6474,6,75721,Cold,1289,42,16-04-2021,298786.5268
287,MO,St. Joseph,Rural,1734,2,61355,Cold,1976,45,20-06-2023,298822.9076
288,NY,Syracuse,Rural,29183,1,91510,Cold,1429,99,31-10-2023,335988.9825
289,TX,Lubbock,Urban,5174,6,59946,Hot,1683,70,29-07-2024,368253.4948
290,TX,Austin,Urban,3329,7,99658,Cold,1868,94,15-07-2024,349761.5141
291,MA,Cambridge,Rural,16896,7,64541,Cold,2101,67,21-08-2024,345442.7159
292,NC,Gastonia,Rural,25436,0,78919,Cold,2245,24,16-09-2023,326523.7471
293,TX,Houston,Rural,18287,0,63091,Moderate,1498,93,01-06-2021,360687.3089
294,TN,Memphis,Urban,26788,2,86995,Hot,1961,90,11-11-2020,407203.2792
295,IL,Bloomington,Urban,4093,4,54852,Moderate,2233,82,16-07-2020,390029.7689
296,NJ,Elizabeth,Urban,21647,9,81248,Hot,1860,32,10-02-2020,359458.3138
297,FL,Tallahassee,Rural,20238,9,68595,Cold,1626,88,11-06-2024,302229.3195
298,IL,Bloomington,Rural,10096,6,96584,Cold,2501,51,30-11-2022,315000.8533
299,MD,Columbia,Rural,27284,9,95169,Hot,2872,70,02-06-2021,363843.1485
300,FL,St. Petersburg,Rural,6324,1,59741,Cold,2415,64,19-11-2020,318639.6083
301,FL,Fort Lauderdale,Rural,4234,4,71894,Cold,1861,46,01-10-2021,305354.2162
302,MA,Springfield,Urban,26674,0,63952,Hot,1294,59,09-02-2021,391499.1861
303,GA,Columbus,Rural,23438,0,70962,Moderate,2338,94,11-08-2022,353933.7416
304,MO,St. Louis,Rural,19468,6,88059,Cold,2450,76,30-01-2022,328519.4377
305,AZ,Mesa,Urban,11246,8,59979,Cold,1414,57,06-06-2023,353612.8928
306,FL,Hialeah,Rural,9869,6,65250,Hot,1395,65,23-08-2023,333055.553
307,TX,Dallas,Urban,23981,1,83378,Cold,2104,38,02-03-2020,355928.4239
308,TX,Austin,Rural,16242,5,81727,Cold,1653,96,15-06-2020,300929.9314
309,NJ,Newark,Urban,7934,9,89135,Hot,2900,54,26-05-2023,404040.7072
310,TX,Arlington,Rural,24084,8,86072,Hot,1210,66,19-03-2020,344422.1961
311,WA,Spokane,Urban,738,7,58012,Hot,2787,77,18-02-2024,392204.9796
312,WI,Appleton,Rural,26372,0,51156,Cold,1881,29,03-10-2020,324309.3816
313,GA,Columbus,Urban,17824,2,56855,Moderate,1680,71,30-07-2021,375509.7204
314,AZ,Flagstaff,Urban,15861,8,73030,Moderate,1672,79,11-07-2023,410851.9232
315,GA,Roswell,Rural,19866,9,83222,Cold,2365,89,19-04-2022,338019.0264
316,OH,Akron,Urban,3406,4,59520,Hot,1670,36,20-01-2024,336914.9135
317,FL,St. Petersburg,Rural,16081,6,71654,Cold,1084,62,13-08-2021,292926.9433
318,CA,Riverside,Urban,29655,0,54765,Cold,1447,80,28-10-2022,354703.7201
319,MD,Frederick,Urban,28661,2,90255,Cold,2246,99,16-07-2021,395184.0075
320,WI,Oshkosh,Urban,9901,4,61402,Moderate,1211,51,20-04-2023,389185.8649
321,FL,Gainesville,Rural,18684,5,63376,Hot,2926,67,13-02-2020,348526.9401
322,TN,Nashville,Rural,13118,5,86802,Cold,1150,57,04-11-2022,287433.243
323,MO,St. Louis,Rural,21838,9,78540,Hot,2702,50,30-12-2020,338086.0281
324,NC,Burlington,Rural,13757,2,58709,Cold,2856,78,15-04-2024,310672.8267
325,AZ,Chandler,Rural,7912,7,98654,Cold,2540,48,04-01-2020,317238.7295
326,TN,Murfreesboro,Urban,27331,2,99141,Hot,2364,96,15-07-2020,422234.7954
327,NC,Charlotte,Urban,19402,8,74743,Moderate,1501,22,27-11-2022,368181.202
328,IN,Muncie,Urban,5686,4,66567,Moderate,2459,55,20-03-2022,376808.0169
329,IL,Peoria,Urban,14354,8,70351,Hot,1759,71,11-08-2023,373051.509
330,MI,Dearborn,Urban,24321,5,82118,Cold,1150,51,02-01-2020,360385.864
331,IN,Fishers,Rural,27810,3,98464,Moderate,2129,27,15-04-2021,337292.651
332,GA,Roswell,Urban,8339,1,81313,Moderate,1977,20,30-06-2024,363169.7474
333,MA,Fall River,Rural,22752,7,57045,Hot,2264,51,23-11-2022,330018.6258
334,WA,Spokane,Urban,6062,1,61421,Moderate,1142,76,02-02-2023,399878.0745
335,AZ,Chandler,Rural,23654,5,53052,Cold,1079,40,20-06-2020,321729.2207
336,PA,Philadelphia,Rural,20977,3,91170,Hot,1728,20,18-12-2020,321464.2839
337,IL,Bloomington,Urban,10146,3,82469,Hot,2658,40,15-01-2022,395560.0024
338,NY,Saratoga Springs,Rural,7936,8,54824,Hot,2484,90,31-05-2021,340678.6035
339,TX,Dallas,Urban,14571,1,83608,Hot,1303,31,06-12-2022,363848.5252
340,CA,San Francisco,Urban,20668,7,53268,Cold,1422,48,28-12-2022,345573.815
341,IL,Springfield,Urban,11819,5,50806,Hot,1189,27,29-08-2020,335635.3813
342,NY,New York City,Rural,7175,3,95343,Cold,1937,38,08-02-2023,311169.8144
343,PA,Bethlehem,Rural,8516,7,68383,Moderate,1446,32,06-08-2023,307728.2771
344,NC,Gastonia,Rural,4970,8,66063,Cold,2849,80,08-03-2022,336251.5718
345,AZ,Phoenix,Urban,27741,6,70760,Hot,1535,63,30-05-2022,368316.4251
346,WA,Kent,Urban,10909,8,51282,Moderate,1694,77,17-07-2021,359313.926
347,TX,Corpus Christi,Rural,3077,3,52050,Cold,2803,21,15-01-2024,308945.0296
348,NY,Syracuse,Rural,12105,1,93337,Hot,2193,20,01-10-2023,339720.9389
349,MO,St. Louis,Urban,27193,4,78031,Moderate,1801,21,07-11-2022,355066.0879
350,FL,Tampa,Urban,11362,0,66640,Moderate,2826,85,14-06-2024,405864.6548
351,PA,Erie,Rural,23189,0,62261,Hot,1481,46,26-02-2021,342161.8933
352,MA,Fall River,Rural,3694,3,75256,Cold,1295,79,27-08-2024,295112.0681
353,FL,Hialeah,Urban,29027,9,67973,Hot,1515,56,14-01-2023,364326.0485
354,GA,Augusta,Urban,3516,1,66105,Cold,1359,20,23-04-2023,363692.2581
355,TX,Austin,Urban,15278,8,73705,Moderate,1041,34,14-07-2022,353117.7261
356,GA,Marietta,Urban,13581,3,76060,Cold,2165,92,22-12-2020,361066.1118
357,AZ,Scottsdale,Urban,8958,7,88868,Hot,2234,64,04-01-2023,390713.9401
358,NY,Yonkers,Urban,3629,1,82908,Cold,2593,71,27-05-2021,370280.7691
359,OH,Canton,Urban,2735,9,70063,Moderate,1342,84,09-08-2020,363900.4108
360,IL,Champaign,Urban,18022,8,77706,Cold,1777,36,27-09-2022,346411.0755
361,IN,Lafayette,Urban,19331,7,70062,Moderate,2086,73,03-10-2022,407125.4149
362,MI,Flint,Urban,17596,4,76704,Hot,1681,69,23-12-2021,368047.3544
363,NY,New Rochelle,Urban,19979,0,79593,Hot,2818,32,23-09-2020,371150.7507
364,WA,Spokane,Urban,17563,6,74343,Hot,2665,34,01-01-2022,391932.6162
365,MO,Jefferson City,Rural,13324,2,85762,Moderate,2001,85,16-09-2020,355808.5927
366,NJ,Hamilton,Rural,1922,9,97099,Moderate,1510,36,15-08-2020,292459.3954
367,MI,Dearborn,Rural,5438,7,84562,Hot,2037,60,07-06-2023,292986.1583
368,PA,Philadelphia,Urban,9789,2,85250,Moderate,2375,75,01-07-2024,419321.007
369,NJ,Newark,Urban,29687,1,64397,Cold,1236,61,26-10-2023,378473.7449
370,TX,Plano,Urban,4174,9,82035,Hot,1903,49,31-01-2021,366670.9512
371,IN,Fishers,Urban,19156,8,96231,Moderate,1316,78,12-10-2022,375347.2952
372,MO,Springfield,Rural,8393,3,57648,Cold,1206,76,25-07-2024,300169.7576
373,TN,Johnson City,Rural,3029,7,84957,Moderate,1405,87,29-06-2022,306973.9273
374,TX,Austin,Rural,1162,5,95490,Moderate,2906,63,15-01-2023,374200.7839
375,MI,Dearborn,Rural,11889,7,84407,Moderate,2609,95,01-08-2024,359657.1638
376,MI,Kalamazoo,Urban,16781,8,70782,Hot,2595,57,02-06-2021,392636.4176
377,MI,Warren,Urban,29572,0,99496,Moderate,1640,20,05-08-2021,390134.4151
378,TN,Knoxville,Rural,1301,2,60336,Moderate,1271,92,31-01-2020,348451.3653
379,IN,Gary,Urban,15634,2,93410,Hot,2922,56,14-06-2023,400913.8872
380,MD,Gaithersburg,Urban,2222,3,65446,Moderate,2900,34,21-01-2021,373194.6137
381,CA,Riverside,Urban,20587,3,76064,Cold,2775,20,22-04-2024,375356.8247
382,WA,Bellingham,Urban,3701,0,61593,Hot,2848,98,04-04-2021,433044.3367
383,MI,Warren,Urban,11889,9,56275,Cold,2528,40,04-04-2021,349426.673
384,MO,St. Joseph,Rural,28960,6,98576,Hot,2711,86,27-11-2023,370229.5409
385,VA,Hampton,Urban,4537,3,71508,Hot,2005,58,15-04-2020,382213.9692
386,WI,Appleton,Rural,25807,8,83878,Cold,2503,96,27-09-2023,341355.4783
387,FL,Palm Bay,Urban,29542,9,62153,Cold,2364,92,12-06-2024,379473.2111
388,MD,Rockville,Rural,19862,8,58402,Moderate,1296,54,25-12-2021,321499.124
389,MD,Annapolis,Rural,9335,5,85300,Cold,1521,67,08-05-2024,292574.2231
390,TX,Fort Worth,Urban,21381,5,52031,Moderate,1840,81,02-06-2021,360755.5591
391,MD,Hagerstown,Urban,5199,3,55263,Cold,1274,32,13-01-2024,333784.7687
392,VA,Norfolk,Rural,13679,9,50252,Hot,2206,49,02-08-2021,339817.6811
393,TN,Memphis,Rural,20768,1,94611,Moderate,1038,21,25-06-2020,313832.8057
394,MO,Springfield,Rural,799,9,96982,Cold,2240,55,24-07-2021,327311.7605
395,NJ,Toms River,Rural,29884,3,68480,Hot,2459,57,25-12-2020,362013.0866
396,WI,Kenosha,Rural,18039,3,93578,Hot,2847,27,02-08-2022,348055.8573
397,TN,Johnson City,Urban,8059,7,98435,Cold,2903,36,10-09-2022,365884.0338
398,IL,Bloomington,Rural,22877,0,54126,Hot,2320,34,21-07-2022,346809.6205
399,PA,Erie,Urban,28060,3,69661,Hot,2792,24,22-08-2024,362062.2388
400,WA,Bellevue,Rural,26599,8,79860,Hot,1677,46,29-08-2023,354175.6955
401,IL,Bloomington,Urban,2775,7,61096,Cold,1807,84,02-09-2024,365111.1413
402,NJ,Edison,Rural,918,4,94721,Hot,1284,39,10-12-2020,325404.0079
403,NC,Burlington,Urban,3462,7,98887,Cold,1884,97,17-11-2022,362093.7217
404,CA,San Diego,Rural,1701,9,72510,Hot,2856,52,22-08-2020,351988.4298
405,IL,Elgin,Rural,6472,4,63013,Moderate,2033,33,13-07-2024,324670.1898
406,NY,Rochester,Urban,12301,2,83306,Hot,1443,88,06-01-2022,396785.1453
407,CA,Sacramento,Rural,9701,8,58930,Cold,1326,67,05-12-2023,302362.9081
408,NY,Saratoga Springs,Urban,10233,1,73537,Hot,2806,62,25-07-2022,415049.0158
409,MA,Brockton,Rural,15331,5,82392,Hot,1672,81,08-02-2022,343995.42
410,MA,Boston,Rural,3441,2,67381,Hot,2235,42,17-03-2024,336747.4545
411,NC,Raleigh,Urban,10675,9,76293,Cold,2971,48,15-03-2021,376561.8819
412,TN,Hendersonville,Rural,20087,6,73024,Hot,1131,77,07-04-2024,336198.4434
413,CA,Riverside,Urban,1719,2,62267,Hot,1123,91,09-08-2021,382368.3452
414,TN,Nashville,Rural,16021,9,53177,Cold,1364,88,25-01-2023,305591.5423
415,WA,Bellingham,Rural,22856,2,64067,Moderate,1061,65,12-07-2022,321952.8245
416,WA,Everett,Urban,5611,3,83773,Cold,2555,91,06-01-2024,375903.8803
417,WI,Kenosha,Rural,18595,7,91909,Cold,2435,74,06-08-2020,343679.9697
418,MI,Ann Arbor,Urban,2549,4,89208,Cold,1932,39,13-08-2021,370086.1721
419,MA,Boston,Rural,3658,2,55055,Hot,2970,91,02-12-2021,353407.8518
420,AZ,Tucson,Urban,4123,4,66642,Moderate,1764,28,21-07-2021,351766.5752
421,FL,St. Petersburg,Rural,8694,0,72619,Hot,2726,69,06-02-2023,342684.6395
422,WA,Tacoma,Urban,15367,3,77540,Hot,1119,82,18-09-2022,368673.9407
423,MA,Lynn,Urban,20153,6,52355,Cold,2911,46,16-09-2023,409078.3174
424,CA,Long Beach,Rural,20841,3,99452,Moderate,2738,99,08-07-2022,367316.7545
425,WI,Appleton,Rural,3026,5,50971,Cold,1519,62,19-02-2020,312897.8691
426,VA,Newport News,Urban,24371,4,57913,Moderate,1799,52,11-12-2022,359532.5912
427,MO,Springfield,Urban,5286,8,53803,Moderate,2137,57,18-04-2024,367807.4867
428,MA,Quincy,Rural,2916,6,51127,Moderate,1318,74,04-07-2020,309435.8177
429,AZ,Chandler,Urban,5842,2,96168,Cold,1201,53,08-05-2021,318370.1715
430,CA,Sacramento,Urban,15575,1,97677,Hot,1971,91,24-04-2024,401085.4717
431,AZ,Peoria,Rural,28554,6,87298,Moderate,2048,77,26-08-2024,350729.3904
432,VA,Hampton,Rural,1456,2,94497,Moderate,2339,48,11-10-2022,339901.3282
433,CA,San Diego,Urban,29628,4,69008,Cold,1161,66,13-03-2024,366199.1981
434,MA,Cambridge,Urban,7935,4,67105,Cold,2011,61,19-03-2023,355517.4012
435,NJ,Elizabeth,Rural,10611,8,68302,Moderate,1424,41,17-10-2022,306628.6565
436,NY,Rochester,Urban,29050,1,70308,Cold,1775,64,06-03-2023,357688.6546
437,TN,Knoxville,Rural,15808,5,51900,Cold,1692,71,21-12-2022,319715.4736
438,NY,New Rochelle,Rural,21660,5,51656,Hot,1252,50,09-08-2020,311415.6418
439,MA,Springfield,Rural,3907,2,70514,Hot,1868,44,20-01-2021,342319.6875
440,GA,Athens,Rural,10038,0,76091,Moderate,2329,80,07-12-2020,363702.918
441,MO,Kansas City,Rural,19953,6,54468,Cold,2630,58,17-03-2021,328911.8188
442,TX,Fort Worth,Rural,12026,7,70708,Cold,2461,78,21-12-2021,337115.9252
443,WA,Renton,Rural,4968,7,74163,Moderate,1141,53,27-02-2020,297591.9884
444,PA,Allentown,Urban,20025,5,89136,Moderate,2193,31,23-06-2023,357461.6205
445,NY,New Rochelle,Rural,12373,9,66646,Cold,1485,83,20-10-2022,322842.1529
446,IL,Joliet,Rural,14094,8,95876,Moderate,1770,50,29-04-2020,318577.3696
447,CA,Los Angeles,Rural,9666,5,86861,Moderate,2598,61,04-04-2021,345106.1925
448,CA,Sacramento,Rural,23849,1,82701,Moderate,2853,56,27-06-2021,355835.388
449,MI,Detroit,Urban,9148,2,50561,Cold,2110,45,20-09-2020,366952.1052
450,FL,Gainesville,Rural,25248,2,59736,Moderate,2661,23,29-05-2020,350573.1447
451,FL,Hialeah,Rural,24983,4,51860,Moderate,1352,87,01-03-2024,333331.2811
452,FL,Fort Lauderdale,Urban,11310,5,80565,Moderate,1149,93,18-02-2024,354928.1099
453,MD,Silver Spring,Rural,24928,6,75092,Moderate,2594,83,08-02-2021,344871.3371
454,GA,Sandy Springs,Urban,24320,0,86719,Moderate,1432,40,31-12-2023,348266.6113
455,IL,Chicago,Rural,18447,2,92445,Hot,1195,73,23-02-2022,344539.9973
456,NC,Gastonia,Rural,8037,1,53732,Cold,1735,81,01-08-2024,324120.0811
457,FL,Orlando,Rural,28174,5,97245,Hot,2831,95,24-12-2022,377279.7139
458,MD,Laurel,Urban,15259,1,88582,Cold,2982,25,01-01-2022,343529.9118
459,OH,Youngstown,Rural,28477,6,86413,Moderate,2424,59,16-11-2021,334163.2549
460,TN,Hendersonville,Rural,23376,4,71683,Hot,1974,72,24-04-2021,336012.276
461,OH,Canton,Urban,11772,2,78641,Hot,1471,92,07-09-2023,389862.7051
462,TN,Hendersonville,Rural,14099,8,57482,Hot,2466,67,06-08-2022,351931.6809
463,TX,Arlington,Urban,2094,3,82115,Moderate,2676,48,06-06-2022,377779.7375
464,CA,Bakersfield,Urban,938,6,92686,Hot,2817,67,21-08-2022,409371.6415
465,PA,Lancaster,Rural,28762,8,79534,Cold,1907,44,21-01-2022,305745.5685
466,MO,Springfield,Urban,18376,3,67352,Hot,1601,79,15-05-2023,407462.331
467,CA,Oakland,Rural,18055,5,76327,Hot,2015,63,05-03-2020,363745.9926
468,GA,Albany,Rural,16485,0,77011,Moderate,2124,97,23-04-2021,345116.4961
469,FL,Fort Lauderdale,Rural,26413,9,66561,Cold,1496,99,10-07-2024,329077.7857
470,MD,Laurel,Urban,13921,9,52664,Moderate,1254,73,29-05-2021,373011.0572
471,MO,Columbia,Rural,19656,1,69936,Cold,2850,89,01-01-2023,331480.2819
472,GA,Atlanta,Rural,24901,4,71145,Cold,1874,27,07-05-2023,306070.9478
473,PA,Bethlehem,Urban,13037,0,58393,Cold,1200,48,01-01-2021,358534.9007
474,NY,New York City,Rural,6892,0,73482,Hot,2021,39,17-04-2024,311411.0377
475,NC,Winston-Salem,Rural,9469,7,87213,Hot,2639,89,16-06-2020,337655.5986
476,WA,Kent,Rural,1294,0,51985,Cold,2317,38,31-05-2020,318062.6234
477,IL,Springfield,Rural,26500,3,81004,Moderate,1049,27,03-02-2022,314738.9144
478,VA,Newport News,Urban,10435,2,88402,Hot,2610,83,26-02-2020,409227.9706
479,WI,Waukesha,Rural,11182,4,93553,Cold,2248,70,03-05-2024,312187.7963
480,MD,Rockville,Rural,15465,6,93485,Cold,1832,75,21-09-2021,343159.6143
481,MO,Independence,Rural,3005,8,58012,Moderate,1297,43,21-10-2023,298527.4573
482,NJ,Newark,Urban,14503,3,64521,Hot,2780,36,30-05-2020,376543.9305
483,IL,Chicago,Rural,8536,5,76030,Hot,2644,56,05-01-2024,364840.8215
484,AZ,Gilbert,Urban,16616,8,79350,Moderate,1915,22,18-08-2023,353236.7278
485,TN,Bartlett,Urban,701,4,94516,Hot,2710,35,01-12-2020,378013.2648
486,TN,Chattanooga,Rural,14305,8,61872,Hot,1206,86,03-06-2023,324075.9901
487,GA,Atlanta,Rural,14555,0,97789,Hot,1238,88,15-04-2020,348047.988
488,GA,Atlanta,Rural,10131,1,53508,Hot,2761,44,22-03-2023,340263.6227
489,MO,Independence,Urban,10791,8,64564,Moderate,2197,70,01-10-2020,398828.7338
490,CA,Long Beach,Rural,10605,5,78380,Moderate,2521,97,31-07-2021,357440.8854
491,AZ,Tempe,Rural,1850,6,71037,Moderate,1682,80,29-07-2023,318895.7039
492,MD,Gaithersburg,Rural,3713,4,72452,Cold,2393,45,02-05-2021,288892.9894
493,OH,Lorain,Urban,19317,6,60263,Hot,1305,87,08-08-2024,386496.8907
494,NY,Rochester,Rural,12824,9,51291,Hot,2282,56,29-06-2022,337918.0198
495,NJ,Trenton,Rural,10009,1,63790,Hot,2203,67,21-12-2022,334562.8822
496,MA,Lowell,Rural,22784,3,65242,Cold,1387,60,31-07-2024,312294.2149
497,MD,Columbia,Urban,20563,8,65487,Hot,1331,92,23-12-2020,366731.7344
498,TN,Jackson,Rural,9361,6,90381,Hot,2587,65,05-10-2021,346696.5295
499,MA,Lynn,Urban,8712,6,79024,Hot,2148,96,01-03-2022,378048.3177
500,MA,Brockton,Rural,26027,0,80487,Hot,2632,65,24-02-2024,376089.3314
501,IL,Chicago,Urban,29103,1,65943,Moderate,2236,49,01-11-2023,382107.0839
502,NJ,Jersey City,Rural,16792,1,94335,Hot,2570,81,16-03-2020,370798.1771
503,IL,Bloomington,Rural,5128,0,82487,Cold,2244,44,18-04-2021,316638.9266
504,FL,Gainesville,Rural,25876,3,65947,Cold,2186,85,19-04-2022,325824.5393
505,WA,Everett,Urban,25160,6,50570,Moderate,1090,50,15-04-2024,351189.6917
506,MI,Battle Creek,Urban,25045,5,68805,Cold,1739,79,24-02-2020,345686.1541
507,WA,Renton,Rural,4645,6,79767,Cold,1859,89,22-02-2020,317337.0006
508,IL,Bloomington,Rural,11990,0,77054,Hot,1071,70,10-01-2022,335669.3164
509,NJ,Toms River,Urban,29464,7,69145,Cold,2700,77,25-07-2023,391057.9919
510,PA,Bethlehem,Urban,25250,7,74815,Moderate,2720,44,18-05-2024,405872.9125
511,MI,Sterling Heights,Urban,23962,0,78680,Hot,2526,54,15-09-2021,413318.6503
512,AZ,Mesa,Urban,19083,2,57739,Hot,2437,46,31-08-2023,387422.2261
513,NC,Raleigh,Urban,24978,2,80543,Hot,2009,32,16-07-2022,337807.9888
514,IN,Carmel,Rural,1210,8,52337,Cold,1627,34,28-11-2021,287039.5607
515,VA,Alexandria,Rural,14140,5,72310,Moderate,1221,22,26-05-2020,307448.1531
516,IN,Muncie,Rural,7115,6,98622,Moderate,2233,44,08-05-2024,345167.5269
517,MD,Rockville,Urban,11804,2,81531,Hot,1852,79,05-06-2024,390163.8682
518,TN,Johnson City,Urban,19516,3,60070,Hot,1056,21,22-06-2020,337503.0606
519,TN,Murfreesboro,Rural,21194,5,90611,Moderate,1124,44,18-03-2024,300752.5942
520,AZ,Phoenix,Rural,13900,7,95540,Cold,2182,54,02-08-2022,314182.7017
521,MD,Bowie,Rural,24122,1,79180,Cold,1868,98,09-03-2022,335352.6318
522,NJ,Hamilton,Rural,3286,9,54525,Hot,1866,21,08-09-2022,293241.1392
523,NY,New Rochelle,Rural,19890,9,65670,Hot,2475,36,30-10-2021,345732.0703
524,NJ,Toms River,Rural,14490,8,81200,Hot,2258,26,21-08-2023,322566.611
525,MO,Kansas City,Rural,13425,3,91907,Hot,2759,33,02-07-2021,350049.7782
526,VA,Chesapeake,Rural,12250,3,83255,Cold,2179,79,25-04-2024,332096.2885
527,MA,Boston,Urban,14937,9,56260,Hot,2245,56,30-07-2021,402737.6842
528,IN,Gary,Urban,6212,8,82853,Cold,2266,70,20-06-2023,400290.1097
529,GA,Athens,Rural,17953,4,79795,Hot,1418,56,07-03-2020,331401.9559
530,GA,Marietta,Rural,8935,6,58111,Hot,1063,56,14-12-2022,308916.1391
531,WI,Green Bay,Rural,16050,1,97828,Hot,2327,95,23-11-2020,355417.3188
532,MI,Grand Rapids,Urban,15068,6,86477,Moderate,1943,24,06-05-2022,367255.0449
533,AZ,Tucson,Urban,9868,3,97967,Hot,1350,75,14-09-2020,350839.8205
534,CA,San Francisco,Rural,28137,1,84806,Cold,1109,24,31-03-2023,292172.0403
535,MO,St. Louis,Rural,1349,5,66250,Moderate,2541,47,11-03-2024,339163.5333
536,VA,Charlottesville,Urban,7032,0,85272,Moderate,2795,46,03-10-2021,407596.4375
537,AZ,Flagstaff,Urban,14937,0,69228,Cold,1662,40,31-03-2023,359593.0481
538,MA,Lowell,Rural,9841,9,91693,Cold,2920,60,27-01-2022,330672.1077
539,WA,Kent,Rural,16390,9,74594,Cold,2554,99,03-10-2020,340403.2717
540,GA,Roswell,Urban,15918,4,77404,Cold,1497,21,07-01-2023,311936.0171
541,WA,Bellingham,Rural,26957,6,90802,Moderate,1725,55,11-10-2023,341399.714
542,FL,Palm Bay,Urban,21843,0,87146,Cold,2328,51,02-09-2023,346603.3363
543,NJ,Paterson,Urban,16942,7,68324,Hot,2928,63,10-02-2020,400666.9096
544,TN,Jackson,Rural,9787,9,70703,Cold,1121,30,20-02-2023,282177.2907
545,GA,Roswell,Rural,7329,1,90957,Moderate,1832,55,04-07-2024,347689.6017
546,WA,Bellingham,Urban,23958,3,75394,Moderate,2587,81,17-06-2022,405137.3524
547,IL,Springfield,Rural,2687,7,69171,Moderate,1466,38,20-10-2022,318452.8628
548,NY,New Rochelle,Rural,27325,8,82681,Hot,2577,80,05-02-2024,344585.4077
549,MD,Bowie,Urban,7873,0,91494,Cold,2908,96,16-03-2021,394543.5464
550,PA,Bethlehem,Rural,21310,4,64682,Cold,2218,45,15-04-2024,307350.1418
551,CA,Fresno,Urban,27584,9,88044,Moderate,2895,61,12-05-2023,416331.2675
552,MI,Detroit,Urban,4457,5,96968,Cold,2608,89,01-05-2023,388285.8512
553,TX,Corpus Christi,Rural,5407,2,97679,Hot,1899,47,07-10-2022,343747.8625
554,FL,Palm Bay,Rural,12618,6,90350,Hot,2318,33,05-09-2022,331388.699
555,WI,Kenosha,Rural,18256,6,98459,Hot,2696,83,02-09-2023,364265.0471
556,PA,Allentown,Rural,16219,8,94559,Moderate,2042,33,27-09-2021,345101.1698
557,TX,San Antonio,Urban,16975,1,75436,Hot,2933,52,20-06-2020,401214.0982
558,WI,Waukesha,Rural,14600,3,94640,Moderate,2583,40,18-01-2023,320211.624
559,IN,Carmel,Urban,858,8,72803,Moderate,2378,39,12-03-2020,369657.0495
560,IL,Springfield,Urban,8410,8,52488,Hot,1281,90,06-09-2022,356611.7371
561,NJ,Woodbridge,Urban,13140,4,74228,Hot,2631,37,22-04-2020,369568.0538
562,GA,Augusta,Rural,2364,3,84700,Cold,2416,61,15-12-2023,329368.8955
563,AZ,Tucson,Urban,23936,2,87630,Hot,2796,90,13-09-2022,421427.3023
564,MI,Grand Rapids,Urban,12369,0,92599,Moderate,2899,80,04-12-2023,414938.9428
565,FL,Jacksonville,Urban,20391,9,65221,Hot,1634,26,04-12-2022,329599.6609
566,NC,Fayetteville,Urban,20343,5,63824,Hot,1977,35,01-08-2024,383612.8407
567,MD,Laurel,Rural,25113,1,92655,Cold,1014,72,25-05-2020,327230.5175
568,MI,Ann Arbor,Rural,20547,6,59695,Hot,2954,43,01-11-2020,345537.4818
569,WI,Appleton,Rural,3554,6,64576,Cold,2160,90,09-09-2021,315737.9185
570,MI,Dearborn,Urban,4797,0,52257,Moderate,2512,35,11-10-2020,377262.3833
571,AZ,Chandler,Rural,25974,8,69317,Hot,1783,96,07-11-2022,358738.1535
572,WA,Tacoma,Rural,8761,0,77075,Cold,2764,53,08-09-2022,322905.3281
573,MD,Hagerstown,Urban,7031,0,82244,Cold,2705,54,05-02-2021,363113.4336
574,OH,Dayton,Urban,4150,5,81827,Moderate,1172,31,04-07-2024,336605.2477
575,VA,Hampton,Rural,26863,7,63405,Moderate,2155,93,08-12-2022,345800.5564
576,VA,Lynchburg,Urban,6181,3,80379,Moderate,1371,95,18-06-2023,343825.7227
577,IN,Bloomington,Urban,932,0,87509,Hot,1347,73,11-07-2020,396993.4535
578,GA,Marietta,Rural,7274,6,72476,Moderate,2953,26,29-12-2020,351744.6254
579,TN,Chattanooga,Urban,21906,3,94364,Cold,1017,95,17-04-2022,368324.0323
580,AZ,Peoria,Rural,19792,0,95054,Hot,1600,86,02-04-2023,350392.8953
581,IN,Muncie,Rural,3902,8,82760,Hot,2000,38,26-09-2023,338835.5428
582,TX,Corpus Christi,Rural,6815,1,80350,Cold,1664,43,30-01-2020,296554.2672
583,WI,Kenosha,Rural,10434,5,65661,Cold,1240,41,08-02-2020,304815.6329
584,PA,Allentown,Urban,13535,0,69786,Hot,1132,46,23-02-2020,357312.641
585,VA,Hampton,Rural,3245,5,93819,Hot,2168,90,25-10-2020,372708.0953
586,MD,Rockville,Urban,18913,7,50927,Cold,2717,57,05-09-2024,364979.3623
587,NY,Albany,Rural,6779,8,95280,Hot,1454,64,28-03-2020,327567.5267
588,IN,Carmel,Urban,8900,4,93706,Hot,1529,39,01-05-2023,378125.3375
589,NC,High Point,Urban,25042,1,61218,Cold,1404,98,09-02-2023,364337.676
590,MA,Quincy,Urban,3889,5,97970,Hot,1989,42,03-01-2024,384101.5646
591,AZ,Tempe,Rural,12218,4,83997,Moderate,1005,37,12-01-2022,298909.6126
592,TN,Johnson City,Urban,20171,7,71887,Hot,1900,69,04-06-2020,369286.236
593,MO,Independence,Urban,11479,1,63550,Hot,2303,89,06-02-2024,413437.2178
594,WA,Tacoma,Urban,19243,3,50948,Cold,2687,28,22-05-2021,369238.0054
595,MA,Worcester,Urban,18270,4,60706,Cold,1479,39,13-11-2022,359818.2877
596,NJ,Edison,Rural,18330,5,55916,Cold,2512,80,03-05-2023,329091.8504
597,IL,Chicago,Rural,13596,6,82431,Hot,2956,40,07-03-2023,352439.0586
598,CA,Riverside,Urban,11980,1,61020,Cold,1932,91,01-09-2021,365759.8019
599,IN,Carmel,Urban,9946,1,81265,Hot,1245,38,15-02-2023,374117.4822
600,MI,Kalamazoo,Urban,8460,4,89727,Moderate,2059,81,07-09-2020,406361.985
601,MD,Columbia,Rural,27777,6,77035,Hot,1138,53,11-03-2021,315296.0341
602,MD,Frederick,Urban,18980,7,85429,Cold,1261,96,04-06-2023,342775.3082
603,WA,Bellingham,Urban,10985,2,50699,Moderate,2454,66,03-05-2021,395830.5177
604,NY,Buffalo,Rural,13172,5,84388,Moderate,2813,39,20-10-2021,340137.7394
605,MD,Rockville,Rural,6296,9,70383,Cold,2998,91,22-03-2021,346377.5888
606,TN,Knoxville,Rural,7787,4,68095,Moderate,2110,38,23-09-2022,335521.4599
607,PA,Pittsburgh,Rural,15738,8,65814,Moderate,2224,83,19-05-2021,344776.2328
608,MA,Boston,Rural,23790,4,58375,Cold,1547,52,25-08-2020,325735.2369
609,AZ,Mesa,Rural,6594,9,82983,Moderate,1597,31,01-12-2023,326080.711
610,GA,Atlanta,Rural,13939,0,54537,Cold,1700,30,28-01-2022,313754.7612
611,OH,Akron,Urban,7589,7,89316,Hot,1272,50,27-05-2021,365720.0939
612,MA,Springfield,Urban,628,7,86141,Hot,2310,66,27-05-2024,381958.1362
613,IN,Lafayette,Rural,7264,1,80928,Hot,2080,85,31-01-2023,337975.6511
614,NC,Winston-Salem,Rural,11523,2,65792,Hot,1417,60,21-12-2023,321160.0245
615,GA,Macon,Urban,19079,6,86331,Hot,1175,21,05-01-2020,362958.5063
616,PA,Lancaster,Rural,1001,9,54581,Moderate,2560,74,16-02-2022,338163.4721
617,WI,Sheboygan,Rural,27533,0,85259,Hot,1362,69,27-08-2024,335942.5606
618,WA,Kent,Urban,6176,1,91582,Moderate,2699,48,12-03-2020,383839.6303
619,NC,Fayetteville,Rural,6194,7,95556,Cold,1563,97,16-10-2020,341950.949
620,IN,Fort Wayne,Rural,20241,6,99072,Moderate,2069,49,01-07-2022,337505.6765
621,WI,Madison,Urban,11002,1,74431,Moderate,2439,44,06-10-2021,357276.9722
622,MA,Fall River,Urban,21571,6,65328,Cold,2704,72,14-04-2022,377324.2676
623,AZ,Tempe,Urban,13029,1,74021,Moderate,1483,96,05-02-2022,381964.6437
624,IL,Chicago,Urban,22930,1,96458,Hot,1620,65,06-01-2021,385737.7863
625,FL,Tampa,Rural,26330,4,65750,Moderate,2062,88,17-07-2024,359521.7299
626,IL,Waukegan,Rural,22672,6,64229,Hot,1858,72,02-09-2022,357841.0269
627,MD,Baltimore,Rural,19244,3,70308,Cold,1972,38,24-10-2022,310288.2441
628,MA,Cambridge,Rural,18062,0,87903,Hot,2640,81,21-06-2020,375545.1291
629,AZ,Tucson,Urban,16760,4,53471,Cold,1850,26,11-05-2020,342119.5443
630,NY,Schenectady,Rural,24663,7,60170,Hot,1765,94,22-08-2021,355872.2547
631,WI,Milwaukee,Rural,24245,3,84205,Cold,2309,82,23-02-2020,344976.8172
632,MA,Lynn,Urban,29655,3,76674,Hot,1379,89,09-09-2020,373957.7644
633,OH,Canton,Urban,7675,3,63344,Moderate,2332,43,23-07-2024,375148.0511
634,TN,Johnson City,Rural,28838,5,54464,Moderate,2231,37,23-06-2021,335085.7616
635,MI,Warren,Urban,14581,5,90981,Moderate,2172,94,05-09-2020,409610.9502
636,FL,Palm Bay,Urban,1580,8,90740,Hot,2612,53,27-08-2022,373894.2294
637,VA,Norfolk,Urban,18192,7,80675,Hot,1761,29,29-07-2024,371502.9227
638,GA,Columbus,Urban,26645,3,51877,Moderate,1579,62,29-08-2020,379205.3844
639,GA,Athens,Rural,27496,0,58355,Moderate,1021,70,30-12-2021,315709.9392
640,VA,Roanoke,Urban,10752,2,97514,Hot,2060,29,30-08-2024,358356.9539
641,NC,Cary,Urban,21929,4,87160,Hot,2155,29,25-11-2022,387075.5975
642,VA,Lynchburg,Urban,17920,6,97748,Cold,1090,87,14-07-2023,359280.6197
643,MA,Fall River,Urban,7315,0,96871,Moderate,1019,78,19-07-2021,373723.2213
644,GA,Marietta,Rural,16711,5,88651,Hot,1531,56,13-07-2020,317267.7574
645,CA,Long Beach,Rural,2626,9,71175,Cold,2203,33,29-04-2022,324022.4692
646,AZ,Flagstaff,Urban,22558,0,97009,Cold,1176,31,18-02-2022,349520.6474
647,MO,Cape Girardeau,Urban,28573,9,70913,Moderate,1588,54,27-08-2021,372345.677
648,FL,Palm Bay,Rural,6039,2,54856,Cold,1999,59,09-04-2024,328338.2342
649,VA,Hampton,Rural,21504,8,82398,Moderate,1889,60,19-03-2024,328340.9791
650,MD,Rockville,Rural,1016,7,62477,Moderate,2590,62,26-07-2021,329905.6248
651,WA,Bellevue,Rural,2563,0,98901,Moderate,2259,26,21-05-2022,321173.0359
652,GA,Marietta,Rural,11403,7,78574,Moderate,2786,96,07-05-2020,364404.8152
653,IL,Chicago,Rural,3497,2,90219,Moderate,2038,31,27-10-2021,321230.7173
654,PA,Bethlehem,Urban,869,3,59686,Moderate,1390,21,23-11-2022,354597.8151
655,NC,Burlington,Rural,8411,5,53441,Hot,2476,47,29-04-2023,337080.6128
656,WA,Spokane,Rural,18384,2,96331,Moderate,2336,98,17-09-2020,357872.4407
657,VA,Norfolk,Rural,19756,0,84028,Hot,2681,51,21-09-2020,359006.9756
658,WA,Olympia,Urban,18202,6,53485,Cold,2018,79,26-12-2020,365709.4004
659,WA,Olympia,Rural,14795,6,50537,Cold,1684,81,27-04-2021,319851.007
660,WI,Kenosha,Urban,5995,3,86960,Cold,1185,70,13-09-2022,329739.6571
661,TN,Jackson,Urban,13632,2,87277,Cold,2280,78,08-09-2020,369558.6208
662,MI,Detroit,Rural,26885,0,56518,Cold,2391,76,29-09-2020,338384.2937
663,IN,Lafayette,Urban,2874,2,51981,Moderate,2280,68,20-02-2020,370489.0365
664,MI,Warren,Urban,8080,9,87482,Moderate,2084,63,16-11-2020,374370.534
665,FL,Tallahassee,Rural,17227,9,74717,Hot,2721,77,19-03-2021,373425.372
666,PA,Allentown,Urban,29466,6,77212,Cold,2494,43,28-12-2020,392439.7924
667,MI,Sterling Heights,Urban,20976,6,78707,Moderate,2821,32,15-04-2024,396696.541
668,GA,Atlanta,Rural,11173,0,60781,Hot,2992,71,10-11-2020,367689.8521
669,AZ,Mesa,Urban,17034,0,58207,Hot,2757,29,16-12-2020,402559.0337
670,WA,Seattle,Urban,28905,7,52932,Moderate,1518,28,14-01-2020,376405.6958
671,VA,Virginia Beach,Rural,20522,2,84097,Moderate,1623,95,21-05-2024,360788.9043
672,MO,St. Louis,Urban,22913,9,64796,Moderate,2721,56,15-06-2024,376540.1261
673,MI,Flint,Urban,12162,7,96337,Hot,1131,46,12-05-2023,340715.1503
674,WA,Everett,Rural,8206,5,99868,Cold,2219,45,10-07-2024,314299.0734
675,AZ,Gilbert,Rural,14372,8,94006,Hot,2050,87,09-01-2023,361276.2283
676,NC,Charlotte,Urban,2413,2,69619,Cold,1267,51,30-07-2022,359790.4773
677,TN,Memphis,Urban,16196,6,71155,Hot,2980,75,29-05-2021,396281.5541
678,PA,Pittsburgh,Rural,11802,0,76271,Hot,2661,49,29-07-2022,365813.5061
679,AZ,Mesa,Rural,12823,7,93685,Moderate,1162,66,07-11-2021,314412.1174
680,NY,Rochester,Urban,1129,2,76649,Moderate,1673,44,08-09-2024,352353.9467
681,TN,Johnson City,Urban,27637,4,59737,Moderate,1057,89,16-07-2020,390217.3322
682,MI,Lansing,Rural,4844,3,68103,Moderate,2736,56,26-07-2022,347048.9455
683,VA,Hampton,Urban,24543,2,82625,Moderate,2135,84,01-01-2022,402287.2961
684,TN,Murfreesboro,Urban,19075,1,75416,Cold,1660,47,23-02-2023,346237.0209
685,IN,Fishers,Urban,20854,3,88414,Cold,1677,77,25-07-2023,371017.643
686,IN,Fishers,Rural,26916,3,63836,Cold,2516,21,06-04-2024,340303.1299
687,CA,Riverside,Rural,11363,5,54234,Hot,1756,66,01-08-2020,344524.7982
688,IN,Carmel,Rural,11017,7,99637,Cold,2600,60,01-04-2021,313241.6733
689,MA,Lowell,Urban,6661,0,88311,Cold,2552,38,05-07-2021,370429.6661
690,AZ,Mesa,Urban,6257,7,70672,Cold,1868,73,19-01-2022,365282.4256
691,IN,South Bend,Urban,15459,2,67626,Cold,2099,46,24-01-2020,335869.9334
692,TN,Jackson,Urban,19315,6,74501,Hot,1011,75,13-06-2021,350646.3883
693,NY,New Rochelle,Rural,24928,6,83968,Cold,1108,57,03-10-2021,299885.6652
694,IL,Elgin,Urban,22607,2,86384,Cold,2379,83,03-01-2021,395651.9175
695,CA,San Jose,Urban,15871,8,93121,Hot,2129,53,09-04-2020,368447.5893
696,MI,Lansing,Urban,17370,6,88580,Cold,2615,48,26-01-2023,372360.075
697,NY,New York City,Rural,18298,7,72259,Cold,2748,52,02-05-2022,325921.1636
698,FL,Miami,Rural,16253,0,78985,Moderate,2098,44,24-04-2024,319831.2433
699,MD,Rockville,Rural,16741,1,97378,Moderate,2354,98,05-12-2023,364547.2725
700,OH,Parma,Urban,28828,8,69093,Moderate,1005,78,17-04-2023,389494.2759
701,WI,Green Bay,Rural,18861,5,75551,Hot,1921,92,17-01-2022,338523.2388
702,GA,Athens,Rural,16897,3,98311,Hot,1172,32,25-03-2023,324879.7723
703,FL,St. Petersburg,Urban,731,7,65861,Hot,2969,92,13-01-2020,411981.0519
704,IL,Elgin,Rural,23267,1,67790,Moderate,2282,20,10-10-2023,353468.485
705,MD,Baltimore,Rural,29388,9,72226,Cold,1378,36,31-08-2020,310100.6655
706,IL,Chicago,Rural,23039,3,94481,Cold,2385,62,02-03-2024,345803.0673
707,IL,Chicago,Rural,8202,7,78618,Cold,1579,38,18-12-2020,297004.9026
708,MO,St. Joseph,Urban,9467,5,58397,Moderate,1723,74,10-06-2021,408675.0684
709,NJ,Jersey City,Urban,16486,4,73387,Moderate,1136,49,20-07-2020,386681.9908
710,WI,Kenosha,Rural,8306,3,67891,Moderate,2422,91,27-02-2021,365786.8859
711,NJ,Hamilton,Urban,10898,9,59009,Cold,1480,24,31-03-2023,338945.0365
712,VA,Virginia Beach,Urban,20750,4,94279,Hot,1960,63,30-01-2023,384618.8873
713,NC,Cary,Rural,6991,4,72291,Cold,1982,26,02-03-2021,317251.0091
714,WI,Oshkosh,Urban,14034,4,98667,Cold,2218,56,16-02-2023,380058.2299
715,MO,Kansas City,Rural,21244,8,50702,Cold,1457,30,26-08-2021,290604.0896
716,MO,Columbia,Urban,16727,6,74519,Cold,1757,56,28-11-2020,349887.5063
717,VA,Roanoke,Rural,29842,3,79837,Hot,1316,64,15-08-2024,338158.5411
718,MO,Kansas City,Rural,16817,8,78431,Cold,1309,31,26-03-2020,306723.7743
719,GA,Atlanta,Urban,12671,6,92364,Cold,1088,55,18-01-2020,309899.8594
720,IL,Waukegan,Urban,8715,6,56461,Moderate,1659,46,04-10-2022,353517.0392
721,FL,St. Petersburg,Rural,22476,1,96503,Cold,1670,86,25-12-2022,345006.4573
722,IN,Evansville,Rural,12033,2,59827,Hot,1135,24,06-05-2022,296579.1201
723,WI,Oshkosh,Urban,4722,6,70822,Hot,1487,94,25-07-2022,352051.5798
724,IL,Joliet,Rural,3001,2,75127,Hot,2015,94,25-02-2021,357462.6432
725,PA,Philadelphia,Rural,24293,5,70036,Hot,2452,50,26-03-2021,329629.0583
726,MD,Annapolis,Rural,7383,6,51764,Hot,1965,60,12-03-2022,336845.1343
727,IN,Evansville,Urban,2096,3,89884,Hot,1827,48,07-07-2021,382652.0405
728,MO,Independence,Rural,19775,8,67500,Cold,2831,67,04-08-2020,328395.6339
729,NC,Gastonia,Rural,8309,7,71296,Hot,2990,97,09-02-2020,364934.2694
730,MA,Cambridge,Urban,21885,3,79679,Cold,2218,55,08-07-2021,376913.2998
731,IN,Evansville,Rural,6871,4,57719,Cold,2107,46,30-07-2022,312963.5235
732,MI,Warren,Urban,29708,9,96908,Moderate,1098,49,27-11-2021,358652.58
733,AZ,Scottsdale,Rural,9221,4,93305,Hot,1676,52,11-01-2024,339012.5233
734,IL,Waukegan,Urban,27282,9,62994,Moderate,1280,50,27-07-2021,377473.222
735,MI,Dearborn,Rural,8790,5,81819,Cold,1518,93,23-10-2023,309331.7879
736,GA,Albany,Rural,10495,2,89281,Cold,2294,69,01-12-2023,339730.2431
737,NJ,Edison,Urban,7394,2,71600,Hot,1070,88,12-07-2023,380827.4293
738,MA,Worcester,Rural,3333,6,65964,Hot,1417,36,31-07-2020,316997.9356
739,MA,Boston,Urban,14517,4,71979,Hot,1698,25,19-01-2020,358657.6051
740,IN,Fishers,Rural,6533,5,64246,Cold,2246,43,12-03-2021,318484.5013
741,MO,Kansas City,Rural,10212,7,95644,Cold,2236,73,13-08-2024,309152.2558
742,PA,York,Rural,5632,8,83944,Cold,2494,39,11-05-2024,308876.4808
743,GA,Athens,Urban,25484,1,59389,Cold,1486,99,30-08-2020,372259.8282
744,NY,Ithaca,Urban,25544,2,56953,Cold,1543,91,27-01-2020,368483.1918
745,CA,Sacramento,Rural,5947,1,61181,Cold,2420,83,22-10-2023,331710.8259
746,MD,Rockville,Rural,13874,4,61123,Cold,2642,99,26-03-2024,346027.7539
747,NJ,Trenton,Urban,8133,7,81625,Hot,2498,65,12-02-2024,398689.915
748,NJ,Toms River,Rural,14928,9,91434,Hot,2422,31,15-10-2021,332704.8735
749,AZ,Peoria,Rural,24891,5,90407,Hot,2706,65,21-08-2021,356227.9367
750,OH,Cincinnati,Urban,26706,1,74151,Moderate,2404,98,08-11-2023,398795.9018
751,NY,Yonkers,Rural,27511,0,83766,Cold,1586,90,15-01-2022,327645.161
752,FL,Miami,Urban,25081,6,63312,Cold,2533,34,29-03-2022,383732.4196
753,IN,Bloomington,Urban,12120,3,51629,Hot,2342,89,04-06-2022,386755.8702
754,IN,Lafayette,Rural,25799,8,73579,Moderate,1968,75,14-12-2022,356763.4319
755,FL,Miami,Urban,23262,5,53237,Cold,1136,48,19-03-2023,326319.2123
756,IN,South Bend,Urban,11583,5,94189,Moderate,2693,78,17-06-2022,387833.6317
757,MO,Kansas City,Urban,15482,4,95792,Hot,2742,54,01-06-2020,420092.3565
758,CA,Sacramento,Rural,17625,6,72597,Moderate,2631,40,03-10-2020,366183.6923
759,WA,Bellingham,Urban,23430,6,84059,Moderate,2907,32,03-04-2021,384341.6542
760,TX,Lubbock,Rural,4907,8,73104,Cold,1616,52,12-05-2020,279734.8484
761,FL,Hialeah,Urban,10319,8,69413,Moderate,2040,42,17-07-2021,385472.6823
762,AZ,Flagstaff,Urban,14040,7,70811,Cold,1366,82,21-09-2021,353900.7468
763,PA,York,Urban,22521,1,75502,Moderate,1572,52,18-04-2024,340511.9379
764,MO,O'Fallon,Urban,27843,8,63641,Hot,2025,67,07-03-2022,385936.2025
765,FL,Orlando,Rural,11410,7,84637,Hot,1384,67,22-10-2022,328610.8404
766,NJ,Camden,Rural,26204,3,93087,Moderate,2651,82,25-10-2021,357564.9997
767,GA,Macon,Urban,15906,9,81021,Moderate,1912,71,01-02-2022,379967.8895
768,NY,Rochester,Urban,12543,7,80895,Moderate,2863,74,27-02-2020,392577.9869
769,NJ,Camden,Urban,23493,2,52940,Hot,1718,87,07-01-2021,393140.763
770,IL,Elgin,Urban,16331,7,97209,Moderate,2807,20,21-04-2022,389036.9615
771,FL,St. Petersburg,Rural,2872,2,54377,Cold,2549,70,01-12-2023,330593.1341
772,TN,Knoxville,Urban,8750,4,90811,Hot,1152,76,24-03-2024,390012.4306
773,GA,Macon,Rural,22065,4,68462,Cold,1270,50,16-10-2023,317987.6182
774,VA,Lynchburg,Urban,15171,4,72370,Cold,1262,50,18-03-2024,368033.7188
775,FL,Palm Bay,Urban,25473,1,52828,Cold,2854,44,23-07-2023,396355.6639
776,TX,El Paso,Rural,29381,3,54164,Hot,1670,90,20-02-2021,341750.0136
777,PA,Erie,Rural,1103,4,97490,Cold,2371,83,22-04-2022,332481.0957
778,MO,Kansas City,Urban,28293,4,73643,Moderate,1283,85,23-03-2021,391447.0613
779,MA,Worcester,Urban,14855,1,92118,Hot,2999,92,15-07-2022,423943.1375
780,PA,Bethlehem,Urban,16744,8,89896,Moderate,1079,66,11-12-2020,330048.9562
781,FL,Fort Lauderdale,Rural,17712,6,88982,Moderate,2885,73,21-07-2021,365507.8311
782,VA,Charlottesville,Rural,21258,8,70337,Cold,1524,48,09-07-2021,314537.912
783,WA,Vancouver,Urban,24803,0,88967,Hot,2807,33,07-10-2022,429602.9814
784,TN,Nashville,Urban,17300,3,99358,Hot,1816,85,23-10-2022,429178.1565
785,NJ,Paterson,Rural,16258,8,82873,Hot,2462,59,15-06-2022,347808.9131
786,OH,Parma,Rural,3029,3,78212,Hot,2536,71,24-11-2021,342625.0505
787,OH,Dayton,Rural,19309,2,91669,Cold,1896,50,21-03-2022,315432.9469
788,GA,Sandy Springs,Urban,3899,1,93705,Hot,1301,92,14-04-2023,354126.8392
789,IN,Indianapolis,Urban,18117,8,83725,Moderate,2128,99,03-06-2024,400028.4744
790,NY,Ithaca,Urban,6819,7,89654,Cold,1794,39,12-05-2021,354442.4215
791,VA,Charlottesville,Urban,12995,4,76790,Moderate,2755,51,01-07-2024,398933.1939
792,WA,Bellevue,Rural,16444,9,92423,Moderate,1267,49,30-03-2021,313342.8066
793,VA,Lynchburg,Rural,18283,2,64809,Hot,1192,98,19-02-2022,336791.0877
794,IL,Joliet,Rural,11749,3,77422,Hot,1130,43,13-11-2023,328464.126
795,WA,Bellingham,Urban,7854,4,57742,Moderate,1583,74,26-12-2023,357505.9101
796,FL,Jacksonville,Urban,15607,1,56836,Moderate,1853,82,27-05-2022,378972.8389
797,NJ,Jersey City,Rural,11802,3,61296,Hot,2556,66,23-10-2022,344927.2449
798,WA,Bellingham,Rural,7097,3,86965,Hot,2796,51,14-05-2022,352021.8148
799,MA,Cambridge,Urban,23694,6,66029,Hot,2888,60,16-07-2023,398833.5514
800,AZ,Glendale,Rural,25857,9,86231,Moderate,2620,31,26-09-2023,355573.0802
801,IL,Springfield,Urban,1660,3,61573,Moderate,1922,44,28-09-2023,379093.081
802,NJ,Hamilton,Urban,1340,3,89067,Moderate,1451,72,16-04-2023,361083.8855
803,NY,Buffalo,Rural,3523,7,85391,Moderate,1180,84,03-03-2022,313922.2675
804,WI,Racine,Rural,20358,6,56699,Cold,2236,87,11-05-2022,344728.0588
805,MD,Laurel,Rural,6789,2,83246,Cold,1294,98,03-04-2024,304477.3526
806,IN,South Bend,Rural,23776,6,93549,Moderate,1353,25,24-03-2023,314700.9214
807,MO,Springfield,Urban,26922,8,88802,Cold,2293,39,25-10-2020,382954.0707
808,WI,Waukesha,Urban,20633,2,50404,Cold,1339,45,19-04-2023,343953.7187
809,NJ,Newark,Rural,5948,3,60821,Moderate,2812,41,16-10-2021,344530.7283
810,NJ,Elizabeth,Urban,29872,7,56246,Moderate,2462,63,15-06-2024,398834.2473
811,IL,Joliet,Urban,14115,7,74834,Cold,2421,56,10-04-2021,358777.7936
812,IN,Gary,Rural,7540,7,76021,Hot,2002,58,17-07-2021,322368.5353
813,NC,Charlotte,Urban,27870,3,61846,Hot,2633,34,18-07-2020,391508.4848
814,TN,Chattanooga,Rural,22414,7,64470,Cold,2249,99,31-05-2021,320117.73
815,MA,Lynn,Urban,6863,1,79339,Moderate,2532,61,02-10-2020,398489.4419
816,MO,Columbia,Urban,24865,6,93445,Hot,2873,67,24-03-2024,418657.7544
817,TX,Corpus Christi,Urban,4693,4,93928,Moderate,2219,41,30-09-2023,368651.2612
818,OH,Dayton,Urban,6197,0,52356,Hot,2955,52,31-03-2020,408230.4983
819,TN,Jackson,Urban,16389,4,89128,Cold,2298,46,15-03-2024,390657.2681
820,MA,Worcester,Rural,23084,5,93967,Moderate,2859,75,08-10-2023,375035.1644
821,TX,Fort Worth,Rural,29062,3,84680,Cold,2778,75,30-09-2020,354434.8125
822,MD,Hagerstown,Rural,20288,6,99098,Hot,1480,44,08-12-2022,328399.5959
823,VA,Chesapeake,Urban,8108,9,75941,Hot,1492,85,20-01-2022,393719.1042
824,MO,Independence,Urban,11275,1,79569,Hot,2303,63,16-10-2020,375679.4872
825,TN,Chattanooga,Urban,1840,8,74067,Hot,1108,58,01-09-2021,346599.0484
826,TX,Dallas,Urban,22464,7,84328,Moderate,1312,81,15-03-2024,398118.3527
827,PA,Erie,Urban,8163,2,92737,Moderate,2107,34,08-02-2023,382112.9135
828,VA,Virginia Beach,Rural,6719,4,50380,Hot,2258,38,29-08-2020,347994.9557
829,WI,Sheboygan,Urban,12784,0,51803,Hot,1526,81,16-07-2022,354875.8499
830,MD,Columbia,Urban,5332,2,89586,Moderate,2894,27,11-01-2021,380794.5345
831,NC,Gastonia,Urban,841,2,56928,Moderate,1107,69,25-06-2024,352033.3072
832,FL,St. Petersburg,Rural,13390,0,63655,Hot,1732,96,15-05-2020,324419.8428
833,FL,Orlando,Urban,13142,9,56130,Cold,1078,54,01-07-2023,324108.3702
834,FL,Tampa,Rural,2488,6,54520,Cold,2537,60,22-09-2023,320355.5978
835,NC,Raleigh,Urban,19745,4,63887,Cold,2064,27,16-07-2024,369788.3955
836,WA,Bellevue,Urban,28992,0,59271,Moderate,2658,29,03-12-2021,399023.7546
837,MA,Cambridge,Urban,16098,9,95790,Cold,2813,77,18-05-2024,387028.0498
838,MI,Kalamazoo,Urban,11107,7,63379,Cold,2746,22,29-01-2022,368180.7527
839,WI,Racine,Urban,23473,5,93207,Moderate,1570,97,03-12-2021,394698.3676
840,VA,Norfolk,Urban,9269,3,94294,Cold,2683,39,22-05-2022,365745.7039
841,MO,O'Fallon,Urban,9277,9,54295,Cold,1620,37,21-01-2021,311339.3571
842,FL,Hialeah,Rural,21682,9,64702,Moderate,1574,74,29-08-2020,335981.2911
843,PA,Harrisburg,Rural,29207,4,86545,Moderate,2448,35,11-02-2023,342854.3606
844,MI,Battle Creek,Rural,13962,4,77213,Hot,1177,55,31-07-2023,346201.6903
845,AZ,Gilbert,Urban,1423,4,63612,Cold,2983,37,02-03-2023,381775.4201
846,OH,Toledo,Urban,7270,5,78652,Hot,2922,20,18-04-2022,389786.4728
847,IL,Bloomington,Rural,14155,7,86862,Cold,2124,77,23-09-2021,317437.3475
848,NJ,Camden,Rural,10510,9,83842,Hot,1104,35,12-07-2020,288623.8615
849,IN,Evansville,Urban,24298,5,53755,Moderate,1488,71,08-09-2021,358346.609
850,NY,Syracuse,Rural,5387,3,99064,Hot,1311,38,25-07-2022,313141.2564
851,MD,Rockville,Urban,4695,8,85335,Moderate,2190,54,09-12-2023,381605.7016
852,MA,New Bedford,Rural,24654,8,77522,Hot,1031,82,25-02-2020,321757.3617
853,TN,Murfreesboro,Urban,25818,7,95298,Cold,1464,87,25-04-2021,393423.1134
854,WA,Kent,Rural,29544,1,67113,Moderate,1858,54,09-04-2020,348067.532
855,CA,San Diego,Urban,743,3,71034,Moderate,2552,76,11-07-2020,406683.4511
856,TN,Jackson,Rural,12410,8,69839,Moderate,1049,20,07-05-2020,285164.1773
857,NJ,Newark,Rural,6759,9,95495,Moderate,2211,62,26-04-2024,333871.709
858,OH,Akron,Urban,5788,4,74231,Hot,1774,25,26-08-2020,366529.6888
859,NC,Gastonia,Urban,8186,8,97316,Cold,2175,91,07-02-2024,392643.6129
860,MA,Cambridge,Rural,11975,9,84887,Hot,1688,83,31-07-2022,335834.4412
861,MA,Boston,Rural,13492,0,52776,Hot,1767,41,15-09-2021,317196.9306
862,MO,Cape Girardeau,Rural,5349,3,74135,Hot,2349,43,13-05-2022,332696.2539
863,TN,Jackson,Rural,24804,9,76600,Moderate,1222,24,06-03-2024,322197.4782
864,TX,San Antonio,Rural,21210,4,58291,Hot,2639,25,23-02-2020,320957.0819
865,MA,Lowell,Urban,12529,3,99290,Hot,1587,50,07-09-2021,373780.5384
866,TX,El Paso,Rural,5048,6,77559,Moderate,2192,35,13-03-2023,326182.2431
867,AZ,Peoria,Rural,14135,7,96971,Hot,1913,44,12-05-2023,338989.5177
868,TX,El Paso,Rural,15012,6,95686,Hot,2878,25,29-10-2023,354430.638
869,VA,Hampton,Urban,8467,2,59788,Cold,1482,58,26-11-2021,347306.862
870,GA,Macon,Urban,12146,5,99318,Hot,1255,20,11-09-2023,360310.2197
871,FL,Orlando,Rural,11286,4,67915,Hot,2415,95,22-04-2024,352918.1705
872,MO,St. Louis,Rural,8512,6,82558,Cold,2053,20,16-08-2020,289193.7149
873,TX,El Paso,Rural,26924,7,63642,Hot,2519,77,08-05-2021,350742.1764
874,AZ,Tempe,Rural,12648,5,87542,Hot,2424,38,01-04-2021,342966.8175
875,WA,Spokane,Urban,8308,0,60575,Hot,1585,43,28-10-2023,375022.3519
876,AZ,Tucson,Urban,14307,9,89347,Cold,2860,60,02-02-2021,379878.9858
877,FL,Jacksonville,Urban,14959,4,59389,Cold,2218,34,14-03-2022,362377.0045
878,VA,Richmond,Urban,8087,0,84068,Moderate,1543,96,09-03-2024,398310.7357
879,OH,Lorain,Urban,26595,8,56596,Hot,2147,77,08-07-2021,423633.5265
880,MA,New Bedford,Urban,10301,4,72249,Hot,1165,25,10-06-2021,338579.6298
881,IN,Fort Wayne,Rural,23127,0,86141,Hot,2788,33,17-07-2021,357221.7915
882,NC,Gastonia,Rural,9863,8,80851,Cold,2818,70,15-11-2023,331946.4207
883,IL,Naperville,Rural,27277,6,75539,Moderate,1509,69,12-06-2022,329242.5644
884,CA,San Francisco,Rural,29810,7,73522,Hot,1906,54,03-03-2021,325520.2009
885,MD,Bowie,Rural,25694,5,93675,Moderate,2376,95,09-11-2021,354419.1875
886,TX,San Antonio,Rural,28887,0,53595,Cold,2509,82,23-08-2022,347046.6806
887,NC,Fayetteville,Rural,4069,7,98016,Hot,1349,84,30-04-2023,321192.9787
888,VA,Charlottesville,Urban,15026,3,88060,Cold,1354,64,08-10-2023,350187.7532
889,VA,Lynchburg,Rural,1803,4,94786,Hot,1400,64,16-11-2022,312910.0316
890,IN,Carmel,Rural,20447,5,75977,Moderate,2030,90,29-01-2022,346174.4396
891,WI,Green Bay,Rural,20515,3,56792,Hot,1760,90,11-02-2021,329944.2944
892,MD,Baltimore,Urban,28291,7,72865,Moderate,2242,40,06-10-2022,391170.7274
893,FL,St. Petersburg,Urban,24892,0,97110,Moderate,2080,68,15-04-2023,427681.4596
894,WI,Oshkosh,Urban,20261,7,64709,Cold,2865,38,13-05-2024,380898.847
895,CA,Los Angeles,Rural,29956,9,89715,Moderate,2898,84,12-02-2022,383249.6752
896,AZ,Chandler,Rural,13082,2,95625,Cold,1123,22,19-01-2022,301794.0693
897,VA,Newport News,Urban,25586,8,80371,Hot,2949,81,19-08-2023,390233.5381
898,NC,Charlotte,Rural,21329,5,91878,Cold,2653,62,01-10-2020,322381.3261
899,AZ,Mesa,Urban,17378,6,94723,Cold,2532,71,19-03-2023,385130.1179
900,TX,San Antonio,Rural,16249,6,90318,Cold,1101,51,11-05-2024,281808.7568
901,OH,Parma,Rural,9756,2,55427,Moderate,2853,53,09-08-2024,355244.0526
902,VA,Charlottesville,Urban,10411,8,99807,Moderate,1016,52,27-10-2020,341137.5801
903,NY,Ithaca,Urban,7714,5,94678,Moderate,1211,55,22-05-2021,376899.0041
904,CA,Los Angeles,Rural,5481,8,95252,Hot,1100,95,19-06-2021,312930.8257
905,MA,Lynn,Rural,17037,6,92378,Moderate,1782,29,03-11-2021,324180.2454
906,NY,Schenectady,Rural,18034,3,59066,Hot,1688,83,09-12-2022,339163.23
907,MD,Silver Spring,Rural,16694,4,94556,Moderate,2489,31,15-09-2021,344457.1111
908,IN,Muncie,Urban,12762,5,60555,Cold,1057,65,11-03-2022,335309.677
909,AZ,Mesa,Urban,5388,1,88049,Hot,1020,45,09-06-2024,373024.0735
910,MD,Gaithersburg,Rural,27335,2,58825,Hot,2789,88,05-07-2020,382377.3057
911,FL,Jacksonville,Urban,14862,6,98682,Moderate,2120,48,26-10-2021,353589.212
912,AZ,Phoenix,Rural,28559,4,61211,Cold,2084,44,28-05-2020,333005.7116
913,PA,Allentown,Urban,3040,3,60535,Moderate,1983,41,13-05-2024,409435.1655
914,FL,Tallahassee,Urban,14735,1,62219,Cold,2024,54,18-10-2023,362717.4507
915,MI,Dearborn,Rural,23529,8,85954,Moderate,1764,40,02-06-2023,336885.5142
916,PA,Reading,Urban,24797,1,60841,Hot,1483,58,01-12-2022,378252.6183
917,WI,Kenosha,Rural,16412,3,50988,Hot,2289,33,03-10-2020,342847.7293
918,NC,High Point,Rural,6654,5,83001,Cold,2817,28,29-05-2024,328981.9828
919,OH,Youngstown,Urban,28688,7,84767,Cold,1799,98,02-03-2024,369402.3032
920,TN,Bartlett,Urban,23586,5,92238,Moderate,2089,56,26-02-2020,385243.2515
921,NJ,Toms River,Rural,27691,2,89703,Moderate,2921,78,17-07-2023,391689.9998
922,NC,Cary,Rural,23372,8,77225,Hot,1898,43,01-06-2020,349072.2231
923,IN,Evansville,Urban,17278,9,95676,Moderate,1239,81,11-07-2021,374655.8962
924,MA,Brockton,Rural,15604,7,78790,Moderate,1680,91,14-05-2021,335471.5117
925,MO,Independence,Rural,16175,7,93326,Cold,1489,78,27-07-2024,315404.5412
926,IN,Gary,Urban,22941,1,93589,Cold,2757,64,16-02-2023,392033.873
927,VA,Newport News,Urban,27615,7,83182,Hot,2251,31,17-05-2020,385487.4538
928,OH,Columbus,Rural,19010,2,91764,Moderate,1041,50,25-06-2021,327718.0132
929,NY,New York City,Rural,27364,3,54724,Moderate,2353,76,28-12-2021,379574.7712
930,MA,Cambridge,Rural,21525,4,65475,Moderate,2930,45,15-04-2024,359276.066
931,MO,St. Joseph,Urban,28970,3,93799,Hot,1793,63,24-10-2021,380461.7528
932,MI,Battle Creek,Urban,20169,8,54837,Cold,1940,42,28-05-2021,338853.294
933,TN,Knoxville,Rural,8960,3,70684,Cold,2712,71,18-12-2020,337299.4431
934,CA,Oakland,Rural,17669,2,91684,Hot,1268,44,09-03-2024,325976.8337
935,MI,Warren,Rural,27607,7,54583,Cold,1045,38,04-06-2020,295346.539
936,IL,Waukegan,Urban,8093,4,73917,Hot,2262,25,03-12-2020,359562.0635
937,AZ,Glendale,Rural,19537,6,55176,Hot,2467,43,01-11-2020,345003.5752
938,FL,Fort Lauderdale,Rural,23007,9,85570,Moderate,2027,71,24-12-2020,342329.3318
939,FL,Miami,Rural,25754,9,57120,Moderate,1554,60,06-01-2023,316492.3418
940,MO,O'Fallon,Urban,1125,0,69771,Moderate,2154,34,22-04-2022,371395.1219
941,MD,Gaithersburg,Rural,24597,0,98070,Cold,2046,39,04-05-2021,313772.9351
942,MO,Lee's Summit,Urban,9346,5,99671,Moderate,2160,44,03-04-2021,378068.6772
943,IL,Waukegan,Urban,11680,0,68062,Cold,2316,86,13-07-2024,377453.8567
944,MD,Rockville,Rural,10451,8,90019,Hot,2996,98,03-01-2023,357368.179
945,MA,Lowell,Urban,5985,6,67971,Hot,2770,24,17-03-2021,376688.6563
946,PA,Pittsburgh,Rural,7983,5,72331,Cold,1718,56,23-12-2023,302222.7924
947,PA,York,Rural,28858,2,56723,Cold,1486,39,24-06-2023,302493.0817
948,CA,Long Beach,Urban,17875,9,84810,Hot,2200,99,27-01-2022,399626.7233
949,WI,Appleton,Urban,7773,7,59781,Moderate,1028,85,22-07-2020,361469.2634
950,GA,Athens,Urban,14701,8,87756,Hot,1189,21,03-12-2023,335018.9842
951,NJ,Paterson,Urban,14729,0,76732,Cold,1041,99,02-05-2020,354431.2647
952,VA,Lynchburg,Rural,28583,3,56344,Hot,1833,21,17-03-2023,308964.2251
953,GA,Roswell,Urban,9757,5,94778,Cold,2395,96,01-09-2022,374966.2336
954,IL,Naperville,Urban,26817,1,57570,Cold,1062,40,26-07-2021,364102.2306
955,IN,South Bend,Urban,13699,1,53271,Hot,2530,66,10-01-2023,382030.6775
956,NC,Burlington,Urban,3206,4,60917,Hot,2619,26,26-05-2024,384251.2483
957,CA,Sacramento,Rural,24027,6,56030,Hot,2714,21,18-07-2023,347655.0308
958,NJ,Woodbridge,Rural,8046,3,50147,Cold,1695,73,13-02-2020,318409.0208
959,AZ,Glendale,Rural,3610,0,78249,Cold,2286,82,28-09-2021,315742.9567
960,MD,Silver Spring,Urban,25197,3,82753,Moderate,1787,76,08-11-2022,384058.1157
961,NC,Winston-Salem,Urban,27386,7,54598,Hot,1363,34,10-02-2024,377831.6612
962,PA,Scranton,Urban,25797,0,81392,Cold,2267,70,14-12-2023,397230.2402
963,AZ,Peoria,Urban,11994,4,52354,Moderate,2382,37,12-05-2020,360600.6128
964,TX,Houston,Rural,12907,4,51530,Cold,1237,84,16-11-2022,304927.4325
965,VA,Virginia Beach,Urban,13528,7,51372,Hot,1773,60,08-06-2020,378120.58
966,MI,Lansing,Rural,20131,7,95492,Moderate,1230,27,14-07-2023,316258.7403
967,MD,Annapolis,Urban,2093,7,68298,Moderate,1851,62,07-07-2022,357267.884
968,MA,Boston,Rural,17976,3,64358,Moderate,2290,90,24-12-2022,367459.712
969,AZ,Tucson,Urban,2362,3,55055,Moderate,2551,51,06-10-2023,364193.7478
970,CA,Long Beach,Rural,12005,4,58685,Cold,2954,82,30-09-2022,330391.5108
971,PA,Bethlehem,Rural,3088,2,82946,Cold,2027,30,11-08-2022,310895.2189
972,MI,Battle Creek,Urban,7933,7,57555,Cold,2502,89,10-07-2021,353211.0939
973,IN,Fort Wayne,Urban,26345,8,63903,Hot,2196,74,31-07-2020,386255.902
974,AZ,Mesa,Rural,12314,7,54429,Cold,1094,40,17-04-2024,274192.4599
975,MA,Springfield,Urban,24562,9,54360,Hot,1151,86,12-06-2024,360220.6419
976,NC,Fayetteville,Urban,28836,9,68793,Hot,1853,75,02-02-2024,373695.3627
977,TX,Lubbock,Rural,16099,6,60803,Cold,1492,55,22-02-2022,288925.4804
978,NJ,Woodbridge,Rural,21962,1,77565,Moderate,2106,54,13-10-2020,354336.1417
979,IL,Elgin,Rural,27165,2,85867,Moderate,2730,57,29-04-2021,347685.9378
980,WI,Eau Claire,Rural,27967,3,60840,Hot,2360,30,25-08-2023,372093.2012
981,OH,Cleveland,Rural,3048,8,69769,Hot,2884,72,28-10-2023,338104.2449
982,AZ,Tempe,Urban,7095,6,77936,Hot,1224,83,10-07-2022,368937.1631
983,MI,Detroit,Urban,23490,5,51619,Hot,1128,82,31-03-2020,371777.5734
984,TX,Dallas,Urban,19935,4,73281,Cold,2563,91,07-11-2022,393692.2423
985,MA,New Bedford,Urban,3017,7,72669,Hot,1352,59,12-03-2022,353578.6379
986,NY,Syracuse,Rural,10386,0,79357,Hot,2068,31,29-05-2020,328391.4132
987,MA,Fall River,Rural,4944,6,86468,Moderate,2807,37,06-11-2021,333058.6259
988,VA,Hampton,Urban,26470,3,76073,Cold,1955,57,04-01-2023,366963.5858
989,TX,Houston,Urban,28501,4,52061,Moderate,1041,27,01-04-2022,360234.2004
990,CA,San Francisco,Rural,9848,6,75616,Moderate,2251,43,27-09-2022,359489.9919
991,IN,Fishers,Urban,28451,2,65171,Moderate,1113,61,29-07-2022,336178.9569
992,MI,Dearborn,Rural,21042,1,93086,Moderate,1013,36,25-04-2024,318525.8574
993,TX,Lubbock,Urban,690,0,71845,Cold,2487,20,30-03-2021,360607.3155
994,TN,Memphis,Rural,24979,5,82388,Hot,2511,25,03-10-2022,328948.7456
995,PA,Bethlehem,Urban,19798,1,97050,Cold,2304,90,09-09-2024,406706.9272
996,AZ,Mesa,Urban,5964,2,86616,Cold,2933,54,19-03-2022,375107.6989
997,PA,Erie,Urban,8703,3,90733,Cold,2160,64,02-01-2023,359580.9024
998,FL,St. Petersburg,Urban,8980,8,86523,Hot,1697,82,28-01-2023,377200.1008
999,IL,Peoria,Rural,23667,9,69133,Hot,2978,52,06-09-2021,360777.523
